T000PEFDNCM.ddrad.lib1.sorted	cm
T001RNPIPEI.ddrad.lib1.sorted	ei
T002PEFDNCM.ddrad.lib1.sorted	cm
T003PEFDNCM.ddrad.lib1.sorted	cm
T004PEFDNCM.ddrad.lib1.sorted	cm
T005ESGURCC.ddrad.lib1.sorted	cc
T006SEPIRLO.ddrad.lib1.sorted	lo
T007RNPIPEI.ddrad.lib1.sorted	ei
T008RNPIPEI.ddrad.lib1.sorted	ei
T009ESPGACC.ddrad.lib1.sorted	cc
T010ESCMBCC.ddrad.lib1.sorted	cc
T011RNPIPEI.ddrad.lib1.sorted	ei
T012ESCMBCC.ddrad.lib1.sorted	cc
T013ESPOVCC.ddrad.lib1.sorted	cc
T014BAPDFCC.ddrad.lib1.sorted	cc
T015ESPOVCC.ddrad.lib1.sorted	cc
T016RNPIPEI.ddrad.lib1.sorted	ei
T017RNPIPEI.ddrad.lib1.sorted	ei
T018ESCMBCC.ddrad.lib1.sorted	cc
T019SEPIRLO.ddrad.lib1.sorted	lo
T020BAPDFEI.ddrad.lib1.sorted	admixed
T021ESPOVCC.ddrad.lib1.sorted	cc
T022ESPOVCC.ddrad.lib1.sorted	cc
T023ESCMBCC.ddrad.lib1.sorted	cc
T024RNPIPEI.ddrad.lib1.sorted	ei
T025ESPOVCC.ddrad.lib1.sorted	cc
T026ESCMBCC.ddrad.lib1.sorted	cc
T027RNPIPEI.ddrad.lib1.sorted	ei
T028RNPIPEI.ddrad.lib1.sorted	ei
T029ESPOVCC.ddrad.lib1.sorted	cc
T030ESCMBCC.ddrad.lib1.sorted	cc
T031BASANCC.ddrad.lib1.sorted	cc
T032BASANCC.ddrad.lib1.sorted	cc
T033RNPIPEI.ddrad.lib1.sorted	ei
T034RNPIPEI.ddrad.lib1.sorted	ei
T035RNPIPEI.ddrad.lib1.sorted	ei
T036SEPIRLO.ddrad.lib1.sorted	lo
T037RNPIPEI.ddrad.lib1.sorted	ei
T038RNPIPEI.ddrad.lib1.sorted	ei
T039BAPDFCC.ddrad.lib1.sorted	cc
T040RNPIPEI.ddrad.lib1.sorted	ei
T041RNPIPEI.ddrad.lib1.sorted	ei
T042RNPIPEI.ddrad.lib1.sorted	ei
T043RNPIPEI.ddrad.lib1.sorted	ei
T044RNPIPEI.ddrad.lib1.sorted	ei
T045RNPIPEI.ddrad.lib1.sorted	ei
T046RNPIPEI.ddrad.lib1.sorted	ei
T047BAPDFCC.ddrad.lib1.sorted	cc
T048RNPIPEI.ddrad.lib1.sorted	ei
T049BASANCC.ddrad.lib1.sorted	cc
T050BASANCC.ddrad.lib1.sorted	cc
T051ESCMBCC.ddrad.lib1.sorted	cc
T052ESCMBCC.ddrad.lib1.sorted	cc
T053ESPOVCC.ddrad.lib1.sorted	cc
T054BAABPEI.ddrad.lib1.sorted	ei
T055RNPIPEI.ddrad.lib1.sorted	ei
T056SEPIRLO.ddrad.lib1.sorted	lo
T057BAPDFCC.ddrad.lib1.sorted	cc
T058BAPDFCC.ddrad.lib1.sorted	cc
T059BAPDFEI.ddrad.lib1.sorted	ei
T060RNPIPEI.ddrad.lib1.sorted	ei
T061BASANCC.ddrad.lib1.sorted	cc
T062BASANEI.ddrad.lib1.sorted	ei
T063BASANCC.ddrad.lib1.sorted	cc
T064BASANEI.ddrad.lib1.sorted	ei
T065BASANCC.ddrad.lib1.sorted	cc
T066BASANEI.ddrad.lib1.sorted	ei
T067BASANCC.ddrad.lib1.sorted	cc
T068BASANEI.ddrad.lib1.sorted	ei
T069BASANCC.ddrad.lib1.sorted	cc
T070BAPDFEI.ddrad.lib1.sorted	ei
T071BASANCC.ddrad.lib1.sorted	cc
T072BAPDFCC.ddrad.lib1.sorted	cc
T073BAPDFCC.ddrad.lib1.sorted	cc
T074BAPDFEI.ddrad.lib1.sorted	ei
T075BAPDFCC.ddrad.lib1.sorted	cc
T076SEPIRLO.ddrad.lib1.sorted	lo
T077BASANEI.ddrad.lib1.sorted	ei
T078BAPDFCC.ddrad.lib1.sorted	cc
T079SEPIRLO.ddrad.lib1.sorted	lo
T080BASANCC.ddrad.lib1.sorted	cc
T081SEPIRLO.ddrad.lib1.sorted	lo
T082BAPDFCC.ddrad.lib1.sorted	cc
T083BAPDFCC.ddrad.lib1.sorted	cc
T084BAPDFCC.ddrad.lib1.sorted	cc
T085SEPIRLO.ddrad.lib1.sorted	lo
T086BAPDFCC.ddrad.lib1.sorted	cc
T087BAABPEI.ddrad.lib1.sorted	ei
T088BAPDFCC.ddrad.lib1.sorted	admixed
T089BAPDFCC.ddrad.lib1.sorted	cc
T090BAPDFEI.ddrad.lib1.sorted	ei
T091BAABPEI.ddrad.lib1.sorted	admixed
T092BASANEI.ddrad.lib1.sorted	admixed
T093BAPDFEI.ddrad.lib1.sorted	admixed
T094BAPDFCC.ddrad.lib1.sorted	cc
T095BAPDFCC.ddrad.lib1.sorted	cc
T096BAPDFCC.ddrad.lib1.sorted	cc
T097BAPDFEI.ddrad.lib1.sorted	ei
T098SEPIRLO.ddrad.lib1.sorted	lo
T099BAABRNA.3rad.lib1.sorted	admixed
T100BAABRNA.3rad.lib1.sorted	admixed
T101BAABRNA.3rad.lib1.sorted	cc
T102BAABRNA.3rad.lib1.sorted	cc
T103BAABRNA.3rad.lib1.sorted	cc
T104BAABRNA.3rad.lib1.sorted	cc
T105BAABRNA.3rad.lib1.sorted	cc
T106BAABRNA.3rad.lib1.sorted	cc
T107BAABRNA.3rad.lib1.sorted	cc
T108BAABRNA.3rad.lib1.sorted	admixed
T109BAABRNA.3rad.lib1.sorted	admixed
T110BAABRNA.3rad.lib1.sorted	admixed
T111BAABRNA.3rad.lib1.sorted	cc
T112BAABRNA.3rad.lib1.sorted	cc
T113BAABRNA.3rad.lib1.sorted	cc
T114BAABRNA.3rad.lib1.sorted	ei
T115BAABRNA.3rad.lib1.sorted	ei
T116BAABRNA.3rad.lib1.sorted	ei
T116BAABRNA.3rad.lib2.sorted	ei
T117BAPDFNA.3rad.lib1.sorted	admixed
T118BAPDFNA.3rad.lib1.sorted	admixed
T119BAPDFNA.3rad.lib1.sorted	admixed
T120BAPDFNA.3rad.lib1.sorted	admixed
T121BAPDFNA.3rad.lib1.sorted	admixed
T122BAPDFNA.3rad.lib1.sorted	admixed
T123BAPDFNA.3rad.lib1.sorted	admixed
T124BAPDFNA.3rad.lib1.sorted	admixed
T125BAPDFNA.3rad.lib1.sorted	admixed
T126BAPDFEI.3rad.lib1.sorted	admixed
T127GFCAYCM.ddrad.lib1.sorted	cm
T128GFCAYEI.ddrad.lib1.sorted	cm
T129GFCAYLO.ddrad.lib1.sorted	lo
T130GFCAYLO.ddrad.lib1.sorted	lo
T131GFCAYLO.ddrad.lib1.sorted	lo
T132GFCAYLO.ddrad.lib1.sorted	lo
T133GFCAYLO.ddrad.lib1.sorted	lo
T134GFCAYLO.ddrad.lib1.sorted	lo
T135BAPDFEI.ddrad.lib1.sorted	ei
T136BAPDFEI.3rad.lib1.sorted	admixed
T136BAPDFEI.ddrad.lib1.sorted	admixed
T137BAPDFEI.3rad.lib1.sorted	admixed
T137BAPDFEI.ddrad.lib1.sorted	admixed
T138RNADREI.ddrad.lib1.sorted	ei
T139RNADREI.3rad.lib1.sorted	ei
T140RNADREI.ddrad.lib1.sorted	ei
T141RNADREI.ddrad.lib1.sorted	ei
T142RNADREI.3rad.lib1.sorted	ei
T142RNADREI.ddrad.lib1.sorted	ei
T143RNADREI.ddrad.lib1.sorted	ei
T144RNADREI.ddrad.lib1.sorted	ei
T145RNADREI.ddrad.lib1.sorted	ei
T146RNADREI.ddrad.lib1.sorted	ei
T147RNADREI.ddrad.lib1.sorted	ei
T148RNADREI.ddrad.lib1.sorted	ei
T149BAPDFEI.ddrad.lib1.sorted	ei
T150BAPDFEI.ddrad.lib1.sorted	admixed
T151BAPDFEI.ddrad.lib1.sorted	admixed
T152BAPDFEI.3rad.lib1.sorted	admixed
T153RNADREI.ddrad.lib1.sorted	ei
T154RNADREI.3rad.lib1.sorted	ei
T154RNADREI.ddrad.lib1.sorted	ei
T155BAABPEI.3rad.lib1.sorted	admixed
T156BAABPEI.3rad.lib1.sorted	admixed
T157BAABPEI.3rad.lib1.sorted	admixed
T158BAABPEI.ddrad.lib1.sorted	ei
T159BAABPEI.3rad.lib1.sorted	admixed
T160BAABPEI.3rad.lib1.sorted	admixed
T161BAABPEI.3rad.lib1.sorted	admixed
T162BAABPEI.ddrad.lib1.sorted	ei
T163PEFDNEI.3rad.lib1.sorted	ei
T164PEFDNEI.3rad.lib1.sorted	ei
T165PEFDNEI.3rad.lib1.sorted	ei
T166SEPIREI.3rad.lib1.sorted	admixed
T166SEPIREI.ddrad.lib1.sorted	admixed
T167SEPIREI.3rad.lib1.sorted	ei
T168SEPIREI.3rad.lib1.sorted	admixed
T169SEPIREI.3rad.lib1.sorted	ei
T169SEPIREI.ddrad.lib1.sorted	ei
T170RNNATEI.ddrad.lib1.sorted	ei
T171RNNATEI.ddrad.lib1.sorted	ei
T172RJCMPEI.3rad.lib1.sorted	ei
T173BAABPEI.ddrad.lib1.sorted	ei
T174BAABPEI.ddrad.lib1.sorted	ei
T175BACDSEI.3rad.lib1.sorted	admixed
T176BAABPEI.3rad.lib1.sorted	admixed
T176BAABPEI.3rad.lib2.sorted	admixed
T177BAABPEI.3rad.lib1.sorted	admixed
T177BAABPEI.3rad.lib2.sorted	admixed
T178BAABPEI.ddrad.lib1.sorted	admixed
T179BAABPEI.ddrad.lib1.sorted	admixed
T180BAABPEI.ddrad.lib1.sorted	admixed
T181BAABPEI.3rad.lib1.sorted	admixed
T182BAABPEI.3rad.lib1.sorted	admixed
T183BAABPEI.ddrad.lib1.sorted	admixed
T184BAABPEI.ddrad.lib1.sorted	admixed
T185BAABPEI.ddrad.lib1.sorted	ei
T186BAPDFEI.ddrad.lib1.sorted	ei
T187BAABPEI.ddrad.lib1.sorted	ei
T188RNADREI.3rad.lib1.sorted	ei
T189RNADREI.3rad.lib1.sorted	ei
T190RNADREI.ddrad.lib1.sorted	ei
T191RNADREI.3rad.lib1.sorted	ei
T192BAPDFEI.ddrad.lib1.sorted	ei
T193BAPDFEI.3rad.lib1.sorted	admixed
T193BAPDFEI.3rad.lib2.sorted	admixed
T194BAPDFEI.3rad.lib1.sorted	admixed
T195BAPDFEI.3rad.lib1.sorted	admixed
T196BAPDFEI.3rad.lib1.sorted	admixed
T196BAPDFEI.3rad.lib2.sorted	admixed
T197SAERGCC.3rad.lib1.sorted	cc
T198SAERGCC.3rad.lib1.sorted	cc
T199SAERGCC.3rad.lib1.sorted	cc
T200SAERGCC.3rad.lib1.sorted	cc
T201SAERGCC.3rad.lib1.sorted	cc
T201SAERGCC.ddrad.lib1.sorted	cc
T202SAERGCC.3rad.lib1.sorted	cc
T203SAERGCC.3rad.lib1.sorted	cc
T204SAERGCC.3rad.lib1.sorted	cc
T204SAERGCC.3rad.lib2.sorted	cc
T205SAERGCC.3rad.lib1.sorted	cc
T206SAERGCC.ddrad.lib1.sorted	cc
T207SAERGCC.ddrad.lib1.sorted	cc
T208SAERGCC.ddrad.lib1.sorted	cc
T209SAERGCC.ddrad.lib1.sorted	cc
T210SAERGCC.ddrad.lib1.sorted	cc
T211SAERGCC.ddrad.lib1.sorted	cc
T212SAERGCC.ddrad.lib1.sorted	cc
T213SAERGCC.ddrad.lib1.sorted	cc
T214SAERGCC.ddrad.lib1.sorted	cc
T215SAERGCC.ddrad.lib1.sorted	cc
T216SAERGCC.3rad.lib1.sorted	cc
T218SAERGCC.3rad.lib1.sorted	cm
T218SAERGCC.ddrad.lib1.sorted	cm
T219SAERGCC.ddrad.lib1.sorted	cc
T220SAERGCC.3rad.lib1.sorted	cc
T221SAERGCC.ddrad.lib1.sorted	cc
T222MQLLRCM.ddrad.lib1.sorted	cm
T223SAERGCC.3rad.lib1.sorted	cc
T224SAERGCC.3rad.lib1.sorted	cc
T225SPUBTCC.3rad.lib1.sorted	admixed
T226RJBCMCC.3rad.lib1.sorted	cc
T227RJBCMCC.3rad.lib1.sorted	cc
T227RJBCMCC.3rad.lib2.sorted	cc
T228SEPIRCC.3rad.lib1.sorted	cc
T229SEPIRCC.3rad.lib1.sorted	cc
T230SEPIRCC.3rad.lib1.sorted	cc
T231SEPIRCC.3rad.lib1.sorted	cc
T232SEPIRAD.3rad.lib1.sorted	admixed
T233SEPIRCC.3rad.lib1.sorted	cc
T233SEPIRCC.3rad.lib2.sorted	cc
T234RJBCMCC.3rad.lib1.sorted	cc
T235RJBCMCC.3rad.lib1.sorted	cc
T236SEPIRCC.3rad.lib1.sorted	cc
T237SEPIRCC.3rad.lib1.sorted	cc
T238SEABACC.3rad.lib1.sorted	cc
T239SEABACC.3rad.lib1.sorted	cc
T240SEPDMCC.3rad.lib1.sorted	cc
T241SEPIRCC.3rad.lib1.sorted	cc
T242SEPIRCC.3rad.lib1.sorted	cc
T243SEPIRAD.3rad.lib1.sorted	admixed
T244SEPIRAD.3rad.lib1.sorted	admixed
T245SEABACC.3rad.lib1.sorted	cc
T245SEABACC.3rad.lib2.sorted	cc
T246SEPIRCC.3rad.lib1.sorted	cc
T247SEABACC.3rad.lib1.sorted	cc
T248SEABACC.3rad.lib1.sorted	cc
T249SEABACC.3rad.lib1.sorted	cc
T249SEABACC.3rad.lib2.sorted	cc
T250BAABPCC.3rad.lib1.sorted	cc
T250BAABPCC.3rad.lib2.sorted	cc
T251SEPDMAD.3rad.lib1.sorted	admixed
T251SEPDMAD.3rad.lib2.sorted	admixed
T252SEPDMCC.3rad.lib1.sorted	cc
T253SEPIRCC.3rad.lib1.sorted	cc
T254SEPIRCC.3rad.lib1.sorted	cc
