T000PEFDNCM.ddrad.lib1.sorted	80161	426623	5.322	6.890
T001RNPIPEI.ddrad.lib1.sorted	92943	1335176	14.366	20.787
T003PEFDNCM.ddrad.lib1.sorted	97507	423067	4.339	5.768
T004PEFDNCM.ddrad.lib1.sorted	165410	1688218	10.206	16.700
T007RNPIPEI.ddrad.lib1.sorted	109423	1082089	9.889	14.377
T008RNPIPEI.ddrad.lib1.sorted	96050	807036	8.402	12.197
T010ESCMBCC.ddrad.lib1.sorted	105737	1108870	10.487	16.526
T014BAPDFCC.ddrad.lib1.sorted	119760	796978	6.655	9.369
T018ESCMBCC.ddrad.lib1.sorted	92319	1985456	21.506	30.917
T021ESPOVCC.ddrad.lib1.sorted	94198	447979	4.756	6.560
T022ESPOVCC.ddrad.lib1.sorted	89069	348009	3.907	5.035
T023ESCMBCC.ddrad.lib1.sorted	111712	606012	5.425	7.408
T025ESPOVCC.ddrad.lib1.sorted	88459	2340664	26.460	38.377
T027RNPIPEI.ddrad.lib1.sorted	125007	898401	7.187	9.901
T029ESPOVCC.ddrad.lib1.sorted	89659	1073740	11.976	16.684
T031BASANCC.ddrad.lib1.sorted	84834	1124451	13.255	19.950
T035RNPIPEI.ddrad.lib1.sorted	125644	2201699	17.523	32.922
T036SEPIRLO.ddrad.lib1.sorted	73203	649060	8.867	11.794
T040RNPIPEI.ddrad.lib1.sorted	95147	999293	10.503	14.483
T046RNPIPEI.ddrad.lib1.sorted	138029	1661757	12.039	18.993
T047BAPDFCC.ddrad.lib1.sorted	96578	607237	6.288	9.009
T048RNPIPEI.ddrad.lib1.sorted	81449	969587	11.904	16.684
T049BASANCC.ddrad.lib1.sorted	94260	2103979	22.321	33.779
T050BASANCC.ddrad.lib1.sorted	96818	488625	5.047	6.822
T052ESCMBCC.ddrad.lib1.sorted	88667	890972	10.049	13.675
T055RNPIPEI.ddrad.lib1.sorted	81172	1199249	14.774	22.251
T062BASANEI.ddrad.lib1.sorted	170183	2683091	15.766	25.977
T063BASANCC.ddrad.lib1.sorted	76416	320175	4.190	5.618
T068BASANEI.ddrad.lib1.sorted	88568	869869	9.821	13.679
T072BAPDFCC.ddrad.lib1.sorted	92978	1631759	17.550	26.649
T078BAPDFCC.ddrad.lib1.sorted	121321	995387	8.205	11.715
T081SEPIRLO.ddrad.lib1.sorted	99909	1098228	10.992	16.161
T082BAPDFCC.ddrad.lib1.sorted	47181	220169	4.666	5.834
T083BAPDFCC.ddrad.lib1.sorted	103132	1591730	15.434	24.671
T086BAPDFCC.ddrad.lib1.sorted	124403	863177	6.939	10.091
T089BAPDFCC.ddrad.lib1.sorted	87120	1185046	13.602	18.669
T091BAABPEI.ddrad.lib1.sorted	125331	627928	5.010	7.143
T092BASANEI.ddrad.lib1.sorted	113234	407015	3.594	5.039
T093BAPDFEI.ddrad.lib1.sorted	112455	448452	3.988	5.456
T095BAPDFCC.ddrad.lib1.sorted	126199	855294	6.777	9.996
T097BAPDFEI.ddrad.lib1.sorted	97047	895284	9.225	15.034
T099BAABRNA.3rad.lib1.sorted	38620	260261	6.739	8.449
T100BAABRNA.3rad.lib1.sorted	32443	170236	5.247	6.306
T101BAABRNA.3rad.lib1.sorted	48093	329869	6.859	10.150
T102BAABRNA.3rad.lib1.sorted	48345	456391	9.440	13.132
T103BAABRNA.3rad.lib1.sorted	50706	416922	8.222	11.727
T104BAABRNA.3rad.lib1.sorted	40679	367456	9.033	12.232
T105BAABRNA.3rad.lib1.sorted	47639	513067	10.770	16.487
T106BAABRNA.3rad.lib1.sorted	50892	872481	17.144	25.665
T107BAABRNA.3rad.lib1.sorted	45736	882736	19.301	26.352
T108BAABRNA.3rad.lib1.sorted	57274	854120	14.913	23.193
T109BAABRNA.3rad.lib1.sorted	60248	691192	11.472	20.147
T110BAABRNA.3rad.lib1.sorted	60679	855886	14.105	25.338
T111BAABRNA.3rad.lib1.sorted	48083	843463	17.542	24.945
T112BAABRNA.3rad.lib1.sorted	39455	319580	8.100	11.009
T114BAABRNA.3rad.lib1.sorted	61992	760350	12.265	20.014
T115BAABRNA.3rad.lib1.sorted	34462	258807	7.510	9.411
T116BAABRNA.3rad.lib2.sorted	31627	419002	13.248	16.366
T117BAPDFNA.3rad.lib1.sorted	33798	329755	9.757	12.738
T118BAPDFNA.3rad.lib1.sorted	53845	651571	12.101	19.450
T119BAPDFNA.3rad.lib1.sorted	53409	639569	11.975	18.198
T120BAPDFNA.3rad.lib1.sorted	58831	787846	13.392	20.993
T121BAPDFNA.3rad.lib1.sorted	52294	820170	15.684	22.280
T122BAPDFNA.3rad.lib1.sorted	63566	1057840	16.642	29.931
T123BAPDFNA.3rad.lib1.sorted	62076	979453	15.778	28.352
T124BAPDFNA.3rad.lib1.sorted	49777	627637	12.609	20.528
T127GFCAYCM.ddrad.lib1.sorted	140993	2942824	20.872	36.483
T128GFCAYEI.ddrad.lib1.sorted	90893	819731	9.019	12.058
T130GFCAYLO.ddrad.lib1.sorted	86964	437065	5.026	6.825
T131GFCAYLO.ddrad.lib1.sorted	78288	1490405	19.037	26.144
T132GFCAYLO.ddrad.lib1.sorted	85161	594625	6.982	9.536
T134GFCAYLO.ddrad.lib1.sorted	92336	504196	5.460	7.338
T136BAPDFEI.3rad.lib1.sorted	81967	1668971	20.361	40.879
T137BAPDFEI.3rad.lib1.sorted	107991	1057245	9.790	17.365
T139RNADREI.3rad.lib1.sorted	69480	645093	9.285	18.706
T140RNADREI.ddrad.lib1.sorted	120546	1195112	9.914	17.064
T142RNADREI.3rad.lib1.sorted	83117	1749564	21.049	43.958
T143RNADREI.ddrad.lib1.sorted	80037	643972	8.046	10.808
T144RNADREI.ddrad.lib1.sorted	103556	545090	5.264	7.142
T145RNADREI.ddrad.lib1.sorted	103625	515723	4.977	6.638
T146RNADREI.ddrad.lib1.sorted	95854	1661187	17.330	25.680
T147RNADREI.ddrad.lib1.sorted	95534	1902446	19.914	30.162
T149BAPDFEI.ddrad.lib1.sorted	91425	1316184	14.396	20.377
T150BAPDFEI.ddrad.lib1.sorted	129172	586777	4.543	6.117
T151BAPDFEI.ddrad.lib1.sorted	110223	469736	4.262	5.726
T152BAPDFEI.3rad.lib1.sorted	58116	586091	10.085	18.267
T153RNADREI.ddrad.lib1.sorted	117444	766079	6.523	9.104
T154RNADREI.ddrad.lib1.sorted	105406	535687	5.082	6.887
T155BAABPEI.3rad.lib1.sorted	60336	836957	13.872	21.674
T156BAABPEI.3rad.lib1.sorted	45223	537626	11.888	16.514
T157BAABPEI.3rad.lib1.sorted	68314	931397	13.634	22.234
T159BAABPEI.3rad.lib1.sorted	64849	720645	11.113	18.619
T160BAABPEI.3rad.lib1.sorted	69898	752676	10.768	19.796
T161BAABPEI.3rad.lib1.sorted	44448	524167	11.793	16.992
T163PEFDNEI.3rad.lib1.sorted	38100	366587	9.622	12.822
T164PEFDNEI.3rad.lib1.sorted	36170	362243	10.015	14.982
T165PEFDNEI.3rad.lib1.sorted	84131	1645780	19.562	45.542
T166SEPIREI.3rad.lib1.sorted	86891	1052514	12.113	22.487
T167SEPIREI.3rad.lib1.sorted	72437	926266	12.787	24.938
T168SEPIREI.3rad.lib1.sorted	84706	1187729	14.022	27.977
T169SEPIREI.3rad.lib1.sorted	94762	1317442	13.903	32.681
T170RNNATEI.ddrad.lib1.sorted	124450	468586	3.765	5.005
T172RJCMPEI.3rad.lib1.sorted	69765	947402	13.580	24.806
T174BAABPEI.ddrad.lib1.sorted	104506	1025913	9.817	13.810
T175BACDSEI.3rad.lib1.sorted	47301	578266	12.225	17.611
T176BAABPEI.3rad.lib2.sorted	49759	614947	12.359	15.300
T177BAABPEI.3rad.lib2.sorted	43058	469591	10.906	15.278
T178BAABPEI.ddrad.lib1.sorted	117812	1016169	8.625	13.043
T180BAABPEI.ddrad.lib1.sorted	137925	965165	6.998	10.855
T181BAABPEI.3rad.lib1.sorted	103973	1181891	11.367	18.313
T182BAABPEI.3rad.lib1.sorted	44120	364453	8.260	11.312
T183BAABPEI.ddrad.lib1.sorted	111591	1120863	10.044	16.005
T184BAABPEI.ddrad.lib1.sorted	90653	1142524	12.603	19.233
T187BAABPEI.ddrad.lib1.sorted	89550	1278643	14.279	19.476
T188RNADREI.3rad.lib1.sorted	58943	964435	16.362	27.219
T189RNADREI.3rad.lib1.sorted	33767	166538	4.932	6.218
T191RNADREI.3rad.lib1.sorted	45512	622907	13.687	19.722
T196BAPDFEI.3rad.lib1.sorted	11666	80434	6.895	7.305
T197SAERGCC.3rad.lib1.sorted	55058	411733	7.478	13.055
T198SAERGCC.3rad.lib1.sorted	53731	1063011	19.784	30.437
T199SAERGCC.3rad.lib1.sorted	67827	1147611	16.920	28.963
T200SAERGCC.3rad.lib1.sorted	58235	870329	14.945	24.677
T201SAERGCC.3rad.lib1.sorted	57685	686775	11.906	20.746
T202SAERGCC.3rad.lib1.sorted	45702	622454	13.620	19.323
T203SAERGCC.3rad.lib1.sorted	76512	675268	8.826	20.734
T205SAERGCC.3rad.lib1.sorted	40190	206266	5.132	7.660
T206SAERGCC.ddrad.lib1.sorted	101836	406329	3.990	5.380
T207SAERGCC.ddrad.lib1.sorted	104694	455625	4.352	5.363
T208SAERGCC.ddrad.lib1.sorted	82079	1841434	22.435	30.986
T209SAERGCC.ddrad.lib1.sorted	107538	615369	5.722	7.837
T210SAERGCC.ddrad.lib1.sorted	108979	520944	4.780	6.746
T212SAERGCC.ddrad.lib1.sorted	107742	564206	5.237	7.157
T213SAERGCC.ddrad.lib1.sorted	95146	1357589	14.268	21.537
T214SAERGCC.ddrad.lib1.sorted	84184	1471571	17.480	24.468
T215SAERGCC.ddrad.lib1.sorted	143786	2323724	16.161	25.918
T216SAERGCC.3rad.lib1.sorted	70929	1872695	26.402	53.133
T218SAERGCC.ddrad.lib1.sorted	113864	4142319	36.380	57.139
T220SAERGCC.3rad.lib1.sorted	59672	825243	13.830	23.236
T221SAERGCC.ddrad.lib1.sorted	110288	1127958	10.227	17.022
T222MQLLRCM.ddrad.lib1.sorted	129273	4515024	34.926	57.909
T223SAERGCC.3rad.lib1.sorted	50816	662670	13.041	21.222
T224SAERGCC.3rad.lib1.sorted	78959	1512598	19.157	40.198
T225SPUBTCC.3rad.lib1.sorted	67846	872128	12.855	22.916
T226RJBCMCC.3rad.lib1.sorted	52649	754541	14.332	20.299
T228SEPIRCC.3rad.lib1.sorted	49327	431688	8.752	14.129
T229SEPIRCC.3rad.lib1.sorted	43376	338808	7.811	11.119
T230SEPIRCC.3rad.lib1.sorted	46551	372566	8.003	11.999
T231SEPIRCC.3rad.lib1.sorted	53286	459423	8.622	12.471
T232SEPIRAD.3rad.lib1.sorted	65572	782245	11.930	18.902
T234RJBCMCC.3rad.lib1.sorted	56378	712457	12.637	19.498
T235RJBCMCC.3rad.lib1.sorted	58365	693977	11.890	19.684
T236SEPIRCC.3rad.lib1.sorted	56896	1116911	19.631	34.360
T237SEPIRCC.3rad.lib1.sorted	68552	711405	10.378	17.052
T240SEPDMCC.3rad.lib1.sorted	58257	568840	9.764	15.633
T241SEPIRCC.3rad.lib1.sorted	50500	485024	9.604	15.488
T242SEPIRCC.3rad.lib1.sorted	62451	738693	11.828	21.336
T243SEPIRAD.3rad.lib1.sorted	67651	695404	10.279	16.523
T244SEPIRAD.3rad.lib1.sorted	52906	415427	7.852	10.902
T245SEABACC.3rad.lib2.sorted	32492	266091	8.189	10.275
T247SEABACC.3rad.lib1.sorted	55980	729598	13.033	18.951
T248SEABACC.3rad.lib1.sorted	56539	684114	12.100	18.217
T249SEABACC.3rad.lib2.sorted	35155	399156	11.354	14.015
T250BAABPCC.3rad.lib2.sorted	19634	117726	5.996	6.651
T251SEPDMAD.3rad.lib2.sorted	40092	627162	15.643	20.134
T252SEPDMCC.3rad.lib1.sorted	61483	938686	15.267	24.052
T253SEPIRCC.3rad.lib1.sorted	62600	1236320	19.750	32.347
T254SEPIRCC.3rad.lib1.sorted	48426	547125	11.298	15.789
