T000PEFDNCM.ddrad.lib1.sorted	80258	392161	4.886	6.486
T001RNPIPEI.ddrad.lib1.sorted	101066	1599861	15.830	22.221
T003PEFDNCM.ddrad.lib1.sorted	87166	376795	4.323	5.733
T004PEFDNCM.ddrad.lib1.sorted	147642	1474840	9.989	16.556
T007RNPIPEI.ddrad.lib1.sorted	117461	1266539	10.783	15.220
T008RNPIPEI.ddrad.lib1.sorted	103171	939788	9.109	12.857
T010ESCMBCC.ddrad.lib1.sorted	110528	1163591	10.528	16.431
T014BAPDFCC.ddrad.lib1.sorted	127282	836228	6.570	9.193
T018ESCMBCC.ddrad.lib1.sorted	97547	2098473	21.512	30.662
T021ESPOVCC.ddrad.lib1.sorted	100046	468691	4.685	6.466
T022ESPOVCC.ddrad.lib1.sorted	94642	364119	3.847	4.941
T023ESCMBCC.ddrad.lib1.sorted	118680	635912	5.358	7.308
T025ESPOVCC.ddrad.lib1.sorted	93975	2473696	26.323	37.746
T027RNPIPEI.ddrad.lib1.sorted	141059	1057557	7.497	10.183
T029ESPOVCC.ddrad.lib1.sorted	93360	1130680	12.111	16.634
T031BASANCC.ddrad.lib1.sorted	90708	1180945	13.019	19.382
T035RNPIPEI.ddrad.lib1.sorted	138293	2551857	18.453	34.360
T036SEPIRLO.ddrad.lib1.sorted	76567	680653	8.890	11.706
T040RNPIPEI.ddrad.lib1.sorted	102350	1161013	11.344	15.263
T046RNPIPEI.ddrad.lib1.sorted	143527	1950825	13.592	20.649
T047BAPDFCC.ddrad.lib1.sorted	100235	630283	6.288	8.943
T048RNPIPEI.ddrad.lib1.sorted	89868	1093766	12.171	16.803
T049BASANCC.ddrad.lib1.sorted	99083	2223674	22.443	33.618
T050BASANCC.ddrad.lib1.sorted	102941	517318	5.025	6.781
T052ESCMBCC.ddrad.lib1.sorted	93404	932062	9.979	13.466
T055RNPIPEI.ddrad.lib1.sorted	91158	1422496	15.605	22.957
T062BASANEI.ddrad.lib1.sorted	191776	3057556	15.943	26.199
T063BASANCC.ddrad.lib1.sorted	75748	325383	4.296	5.665
T068BASANEI.ddrad.lib1.sorted	97415	1026650	10.539	14.331
T072BAPDFCC.ddrad.lib1.sorted	98731	1722252	17.444	26.224
T078BAPDFCC.ddrad.lib1.sorted	128824	1040046	8.073	11.544
T081SEPIRLO.ddrad.lib1.sorted	101963	1147467	11.254	16.313
T082BAPDFCC.ddrad.lib1.sorted	50289	231063	4.595	5.681
T083BAPDFCC.ddrad.lib1.sorted	108293	1672550	15.445	24.445
T086BAPDFCC.ddrad.lib1.sorted	126286	883819	6.999	10.138
T089BAPDFCC.ddrad.lib1.sorted	90984	1257381	13.820	18.801
T091BAABPEI.ddrad.lib1.sorted	137939	679169	4.924	7.005
T092BASANEI.ddrad.lib1.sorted	124720	444848	3.567	4.974
T093BAPDFEI.ddrad.lib1.sorted	123865	489242	3.950	5.400
T095BAPDFCC.ddrad.lib1.sorted	134026	895534	6.682	9.823
T097BAPDFEI.ddrad.lib1.sorted	106122	1036312	9.765	15.674
T099BAABRNA.3rad.lib1.sorted	41586	276515	6.649	8.363
T100BAABRNA.3rad.lib1.sorted	34980	180791	5.168	6.232
T101BAABRNA.3rad.lib1.sorted	51079	345687	6.768	10.069
T102BAABRNA.3rad.lib1.sorted	51373	479039	9.325	13.025
T103BAABRNA.3rad.lib1.sorted	53794	436537	8.115	11.616
T104BAABRNA.3rad.lib1.sorted	43040	381845	8.872	11.937
T105BAABRNA.3rad.lib1.sorted	49752	531074	10.674	16.261
T106BAABRNA.3rad.lib1.sorted	53414	906877	16.978	25.266
T107BAABRNA.3rad.lib1.sorted	48107	920272	19.130	25.932
T108BAABRNA.3rad.lib1.sorted	61666	903465	14.651	22.774
T109BAABRNA.3rad.lib1.sorted	64556	726366	11.252	19.785
T110BAABRNA.3rad.lib1.sorted	65364	903764	13.827	24.837
T111BAABRNA.3rad.lib1.sorted	50401	879649	17.453	24.626
T112BAABRNA.3rad.lib1.sorted	41341	333345	8.063	10.943
T114BAABRNA.3rad.lib1.sorted	69821	836101	11.975	19.461
T115BAABRNA.3rad.lib1.sorted	39272	285659	7.274	9.063
T116BAABRNA.3rad.lib2.sorted	36519	476446	13.047	16.056
T117BAPDFNA.3rad.lib1.sorted	36250	342142	9.438	12.319
T118BAPDFNA.3rad.lib1.sorted	57272	686618	11.989	19.497
T119BAPDFNA.3rad.lib1.sorted	56344	671640	11.920	18.214
T120BAPDFNA.3rad.lib1.sorted	63099	834824	13.230	20.968
T121BAPDFNA.3rad.lib1.sorted	56488	870461	15.410	22.221
T122BAPDFNA.3rad.lib1.sorted	71267	1152857	16.177	29.831
T123BAPDFNA.3rad.lib1.sorted	69763	1077468	15.445	28.374
T124BAPDFNA.3rad.lib1.sorted	55441	680660	12.277	20.292
T127GFCAYCM.ddrad.lib1.sorted	133183	2605492	19.563	34.076
T128GFCAYEI.ddrad.lib1.sorted	88946	742443	8.347	11.418
T130GFCAYLO.ddrad.lib1.sorted	92616	463152	5.001	6.792
T131GFCAYLO.ddrad.lib1.sorted	83590	1570763	18.791	25.678
T132GFCAYLO.ddrad.lib1.sorted	86295	617400	7.155	9.611
T134GFCAYLO.ddrad.lib1.sorted	98363	532394	5.413	7.264
T136BAPDFEI.3rad.lib1.sorted	89853	1785251	19.869	39.920
T137BAPDFEI.3rad.lib1.sorted	119911	1157478	9.653	17.086
T139RNADREI.3rad.lib1.sorted	78187	716151	9.159	18.163
T140RNADREI.ddrad.lib1.sorted	133327	1391241	10.435	17.738
T142RNADREI.3rad.lib1.sorted	92707	1905112	20.550	42.989
T143RNADREI.ddrad.lib1.sorted	87630	724296	8.265	10.946
T144RNADREI.ddrad.lib1.sorted	115077	608854	5.291	7.127
T145RNADREI.ddrad.lib1.sorted	117511	592630	5.043	6.668
T146RNADREI.ddrad.lib1.sorted	103499	1933727	18.684	27.054
T147RNADREI.ddrad.lib1.sorted	105505	2243180	21.261	31.563
T149BAPDFEI.ddrad.lib1.sorted	99165	1576185	15.895	21.714
T150BAPDFEI.ddrad.lib1.sorted	142086	630997	4.441	5.972
T151BAPDFEI.ddrad.lib1.sorted	121471	508863	4.189	5.620
T152BAPDFEI.3rad.lib1.sorted	64138	626746	9.772	17.780
T153RNADREI.ddrad.lib1.sorted	130002	854404	6.572	9.110
T154RNADREI.ddrad.lib1.sorted	118841	598776	5.038	6.806
T155BAABPEI.3rad.lib1.sorted	65909	895619	13.589	21.414
T156BAABPEI.3rad.lib1.sorted	50467	578981	11.472	15.999
T157BAABPEI.3rad.lib1.sorted	73860	993098	13.446	22.123
T159BAABPEI.3rad.lib1.sorted	70401	773091	10.981	18.477
T160BAABPEI.3rad.lib1.sorted	76384	802411	10.505	19.472
T161BAABPEI.3rad.lib1.sorted	49236	561775	11.410	16.413
T163PEFDNEI.3rad.lib1.sorted	43431	402983	9.279	12.343
T164PEFDNEI.3rad.lib1.sorted	41241	398316	9.658	14.479
T165PEFDNEI.3rad.lib1.sorted	93866	1792980	19.101	44.921
T166SEPIREI.3rad.lib1.sorted	96078	1130110	11.762	21.865
T167SEPIREI.3rad.lib1.sorted	80634	1015408	12.593	24.449
T168SEPIREI.3rad.lib1.sorted	92723	1275934	13.761	27.273
T169SEPIREI.3rad.lib1.sorted	103548	1414279	13.658	32.002
T170RNNATEI.ddrad.lib1.sorted	139481	521623	3.740	4.957
T172RJCMPEI.3rad.lib1.sorted	79528	1048491	13.184	24.307
T174BAABPEI.ddrad.lib1.sorted	110997	1224084	11.028	14.891
T175BACDSEI.3rad.lib1.sorted	52468	621490	11.845	17.018
T176BAABPEI.3rad.lib2.sorted	54660	666421	12.192	15.035
T177BAABPEI.3rad.lib2.sorted	48002	512648	10.680	14.929
T178BAABPEI.ddrad.lib1.sorted	123260	1117986	9.070	13.439
T180BAABPEI.ddrad.lib1.sorted	145229	1049418	7.226	11.038
T181BAABPEI.3rad.lib1.sorted	114765	1277959	11.135	17.921
T182BAABPEI.3rad.lib1.sorted	49069	391190	7.972	10.914
T183BAABPEI.ddrad.lib1.sorted	120142	1219428	10.150	16.057
T184BAABPEI.ddrad.lib1.sorted	99582	1285879	12.913	19.472
T187BAABPEI.ddrad.lib1.sorted	98619	1440431	14.606	19.699
T188RNADREI.3rad.lib1.sorted	66316	1064825	16.057	26.533
T189RNADREI.3rad.lib1.sorted	38277	183810	4.802	6.030
T191RNADREI.3rad.lib1.sorted	52004	694080	13.347	19.143
T196BAPDFEI.3rad.lib1.sorted	13304	88152	6.626	7.061
T197SAERGCC.3rad.lib1.sorted	57986	429355	7.404	12.869
T198SAERGCC.3rad.lib1.sorted	56335	1103674	19.591	30.018
T199SAERGCC.3rad.lib1.sorted	70863	1198585	16.914	28.913
T200SAERGCC.3rad.lib1.sorted	60839	907016	14.908	24.575
T201SAERGCC.3rad.lib1.sorted	60600	712768	11.762	20.422
T202SAERGCC.3rad.lib1.sorted	47830	649030	13.570	19.163
T203SAERGCC.3rad.lib1.sorted	80635	702527	8.712	20.420
T205SAERGCC.3rad.lib1.sorted	42459	215286	5.070	7.527
T206SAERGCC.ddrad.lib1.sorted	108311	426479	3.938	5.292
T207SAERGCC.ddrad.lib1.sorted	111168	477648	4.297	5.280
T208SAERGCC.ddrad.lib1.sorted	86262	1949225	22.597	30.937
T209SAERGCC.ddrad.lib1.sorted	114423	647502	5.659	7.743
T210SAERGCC.ddrad.lib1.sorted	115496	543517	4.706	6.640
T212SAERGCC.ddrad.lib1.sorted	114710	591673	5.158	7.029
T213SAERGCC.ddrad.lib1.sorted	99586	1430277	14.362	21.508
T214SAERGCC.ddrad.lib1.sorted	87938	1540369	17.517	24.281
T215SAERGCC.ddrad.lib1.sorted	147211	2415638	16.409	26.086
T216SAERGCC.3rad.lib1.sorted	74409	1952846	26.245	52.878
T218SAERGCC.ddrad.lib1.sorted	104820	3641507	34.741	54.301
T220SAERGCC.3rad.lib1.sorted	62256	858751	13.794	23.093
T221SAERGCC.ddrad.lib1.sorted	115533	1188321	10.286	16.991
T222MQLLRCM.ddrad.lib1.sorted	121271	3991842	32.917	54.385
T223SAERGCC.3rad.lib1.sorted	53590	687472	12.828	20.828
T224SAERGCC.3rad.lib1.sorted	82663	1576126	19.067	40.150
T225SPUBTCC.3rad.lib1.sorted	71523	905613	12.662	22.481
T226RJBCMCC.3rad.lib1.sorted	55508	787864	14.194	19.984
T228SEPIRCC.3rad.lib1.sorted	51992	447630	8.610	13.875
T229SEPIRCC.3rad.lib1.sorted	45748	351190	7.677	10.872
T230SEPIRCC.3rad.lib1.sorted	49215	386674	7.857	11.735
T231SEPIRCC.3rad.lib1.sorted	55998	478861	8.551	12.277
T232SEPIRAD.3rad.lib1.sorted	69567	820121	11.789	18.780
T234RJBCMCC.3rad.lib1.sorted	58788	741256	12.609	19.358
T235RJBCMCC.3rad.lib1.sorted	61483	722558	11.752	19.396
T236SEPIRCC.3rad.lib1.sorted	59393	1158296	19.502	34.065
T237SEPIRCC.3rad.lib1.sorted	72583	744529	10.258	16.947
T240SEPDMCC.3rad.lib1.sorted	61260	590982	9.647	15.415
T241SEPIRCC.3rad.lib1.sorted	53100	502877	9.470	15.225
T242SEPIRCC.3rad.lib1.sorted	65792	765648	11.637	20.965
T243SEPIRAD.3rad.lib1.sorted	71713	728555	10.159	16.415
T244SEPIRAD.3rad.lib1.sorted	56247	435959	7.751	10.805
T245SEABACC.3rad.lib2.sorted	34534	279699	8.099	10.126
T247SEABACC.3rad.lib1.sorted	59339	761917	12.840	18.691
T248SEABACC.3rad.lib1.sorted	59536	710663	11.937	17.972
T249SEABACC.3rad.lib2.sorted	37472	423356	11.298	13.949
T250BAABPCC.3rad.lib2.sorted	21581	127019	5.886	6.502
T251SEPDMAD.3rad.lib2.sorted	42839	662967	15.476	19.861
T252SEPDMCC.3rad.lib1.sorted	64569	976713	15.127	23.778
T253SEPIRCC.3rad.lib1.sorted	65663	1284193	19.557	31.913
T254SEPIRCC.3rad.lib1.sorted	50965	569098	11.166	15.598
