# For mean_cov_ns, the coverage at each locus is weighted by the number of
# samples present at that locus (i.e. coverage at shared loci counts more).
sample	n_loci	n_used_fw_reads	mean_cov	mean_cov_ns
T000PEFDNCM.ddrad.lib1.sorted	79276	388597	4.902	6.483
T001RNPIPEI.ddrad.lib1.sorted	95862	1422507	14.839	21.435
T002PEFDNCM.ddrad.lib1.sorted	78235	282324	3.609	4.653
T003PEFDNCM.ddrad.lib1.sorted	86177	373322	4.332	5.743
T004PEFDNCM.ddrad.lib1.sorted	145689	1459886	10.021	16.589
T005ESGURCC.ddrad.lib1.sorted	41047	58636	1.429	1.449
T006SEPIRLO.ddrad.lib1.sorted	42501	69746	1.641	1.825
T007RNPIPEI.ddrad.lib1.sorted	113947	1144974	10.048	14.587
T008RNPIPEI.ddrad.lib1.sorted	98573	852066	8.644	12.498
T009ESPGACC.ddrad.lib1.sorted	604	610	1.010	1.009
T010ESCMBCC.ddrad.lib1.sorted	110871	1168445	10.539	16.445
T011RNPIPEI.ddrad.lib1.sorted	29957	41028	1.370	1.355
T012ESCMBCC.ddrad.lib1.sorted	54792	94879	1.732	1.880
T013ESPOVCC.ddrad.lib1.sorted	32596	46150	1.416	1.516
T014BAPDFCC.ddrad.lib1.sorted	127019	838911	6.605	9.220
T015ESPOVCC.ddrad.lib1.sorted	24684	31325	1.269	1.271
T016RNPIPEI.ddrad.lib1.sorted	25661	34168	1.332	1.313
T017RNPIPEI.ddrad.lib1.sorted	1298	1333	1.027	1.030
T018ESCMBCC.ddrad.lib1.sorted	97409	2107452	21.635	30.860
T019SEPIRLO.ddrad.lib1.sorted	42028	75339	1.793	2.065
T020BAPDFEI.ddrad.lib1.sorted	110448	314201	2.845	3.299
T021ESPOVCC.ddrad.lib1.sorted	99901	467384	4.678	6.437
T022ESPOVCC.ddrad.lib1.sorted	94426	364760	3.863	4.948
T023ESCMBCC.ddrad.lib1.sorted	118391	636481	5.376	7.310
T024RNPIPEI.ddrad.lib1.sorted	108125	368778	3.411	4.408
T025ESPOVCC.ddrad.lib1.sorted	94588	2488645	26.310	37.797
T026ESCMBCC.ddrad.lib1.sorted	60704	119901	1.975	2.239
T027RNPIPEI.ddrad.lib1.sorted	131445	953471	7.254	10.018
T028RNPIPEI.ddrad.lib1.sorted	100201	333694	3.330	3.894
T029ESPOVCC.ddrad.lib1.sorted	93785	1137314	12.127	16.663
T030ESCMBCC.ddrad.lib1.sorted	24669	31736	1.286	1.324
T031BASANCC.ddrad.lib1.sorted	90474	1183383	13.080	19.493
T032BASANCC.ddrad.lib1.sorted	102014	329539	3.230	4.084
T033RNPIPEI.ddrad.lib1.sorted	92300	310133	3.360	4.145
T034RNPIPEI.ddrad.lib1.sorted	82627	274994	3.328	4.238
T035RNPIPEI.ddrad.lib1.sorted	130294	2335820	17.927	33.694
T036SEPIRLO.ddrad.lib1.sorted	81686	739049	9.047	11.836
T037RNPIPEI.ddrad.lib1.sorted	30313	41160	1.358	1.423
T038RNPIPEI.ddrad.lib1.sorted	53997	87839	1.627	1.633
T039BAPDFCC.ddrad.lib1.sorted	10358	11569	1.117	1.112
T040RNPIPEI.ddrad.lib1.sorted	98039	1066154	10.875	14.957
T041RNPIPEI.ddrad.lib1.sorted	104176	300492	2.884	3.105
T042RNPIPEI.ddrad.lib1.sorted	80017	255448	3.192	4.065
T043RNPIPEI.ddrad.lib1.sorted	15748	18506	1.175	1.178
T044RNPIPEI.ddrad.lib1.sorted	66572	130807	1.965	2.137
T045RNPIPEI.ddrad.lib1.sorted	89930	213606	2.375	2.592
T046RNPIPEI.ddrad.lib1.sorted	139768	1763520	12.617	19.799
T047BAPDFCC.ddrad.lib1.sorted	101157	631990	6.248	8.892
T048RNPIPEI.ddrad.lib1.sorted	84755	1045285	12.333	17.260
T049BASANCC.ddrad.lib1.sorted	99762	2231528	22.369	33.516
T050BASANCC.ddrad.lib1.sorted	102738	518702	5.049	6.794
T051ESCMBCC.ddrad.lib1.sorted	96383	271113	2.813	3.096
T052ESCMBCC.ddrad.lib1.sorted	93144	934845	10.037	13.522
T053ESPOVCC.ddrad.lib1.sorted	2168	2350	1.084	1.086
T054BAABPEI.ddrad.lib1.sorted	2624	2812	1.072	1.082
T055RNPIPEI.ddrad.lib1.sorted	85397	1277340	14.958	22.464
T056SEPIRLO.ddrad.lib1.sorted	44216	74902	1.694	1.875
T057BAPDFCC.ddrad.lib1.sorted	19252	23590	1.225	1.259
T058BAPDFCC.ddrad.lib1.sorted	39188	55046	1.405	1.434
T059BAPDFEI.ddrad.lib1.sorted	45639	73920	1.620	1.712
T060RNPIPEI.ddrad.lib1.sorted	3057	3404	1.114	1.128
T061BASANCC.ddrad.lib1.sorted	64622	130060	2.013	2.302
T062BASANEI.ddrad.lib1.sorted	178673	2825688	15.815	26.152
T063BASANCC.ddrad.lib1.sorted	77440	327965	4.235	5.609
T064BASANEI.ddrad.lib1.sorted	63948	128717	2.013	2.293
T065BASANCC.ddrad.lib1.sorted	4963	5264	1.061	1.062
T066BASANEI.ddrad.lib1.sorted	554	562	1.014	1.014
T067BASANCC.ddrad.lib1.sorted	8352	9123	1.092	1.091
T068BASANEI.ddrad.lib1.sorted	91431	936411	10.242	14.248
T069BASANCC.ddrad.lib1.sorted	66172	138068	2.087	2.434
T070BAPDFEI.ddrad.lib1.sorted	45228	69242	1.531	1.660
T071BASANCC.ddrad.lib1.sorted	42514	63569	1.495	1.591
T072BAPDFCC.ddrad.lib1.sorted	98695	1726127	17.490	26.309
T073BAPDFCC.ddrad.lib1.sorted	5448	6159	1.131	1.150
T074BAPDFEI.ddrad.lib1.sorted	35	35	1.000	1.000
T075BAPDFCC.ddrad.lib1.sorted	55880	112704	2.017	2.351
T076SEPIRLO.ddrad.lib1.sorted	43747	75808	1.733	1.955
T077BASANEI.ddrad.lib1.sorted	70319	142172	2.022	2.080
T078BAPDFCC.ddrad.lib1.sorted	128546	1039810	8.089	11.532
T079SEPIRLO.ddrad.lib1.sorted	12802	15367	1.200	1.246
T080BASANCC.ddrad.lib1.sorted	71431	143371	2.007	2.310
T081SEPIRLO.ddrad.lib1.sorted	107150	1236017	11.535	16.575
T082BAPDFCC.ddrad.lib1.sorted	50228	231600	4.611	5.712
T083BAPDFCC.ddrad.lib1.sorted	108732	1677858	15.431	24.435
T084BAPDFCC.ddrad.lib1.sorted	102146	346695	3.394	4.380
T085SEPIRLO.ddrad.lib1.sorted	4277	4778	1.117	1.131
T086BAPDFCC.ddrad.lib1.sorted	127025	888895	6.998	10.111
T087BAABPEI.ddrad.lib1.sorted	2255	2352	1.043	1.045
T088BAPDFCC.ddrad.lib1.sorted	110484	340739	3.084	4.071
T089BAPDFCC.ddrad.lib1.sorted	91394	1261777	13.806	18.775
T090BAPDFEI.ddrad.lib1.sorted	63725	126655	1.988	2.209
T091BAABPEI.ddrad.lib1.sorted	132195	658431	4.981	7.095
T092BASANEI.ddrad.lib1.sorted	119462	429206	3.593	5.029
T093BAPDFEI.ddrad.lib1.sorted	118655	472251	3.980	5.444
T094BAPDFCC.ddrad.lib1.sorted	40558	60424	1.490	1.548
T095BAPDFCC.ddrad.lib1.sorted	133749	897533	6.711	9.837
T096BAPDFCC.ddrad.lib1.sorted	50242	77046	1.533	1.608
T097BAPDFEI.ddrad.lib1.sorted	99382	943195	9.491	15.467
T098SEPIRLO.ddrad.lib1.sorted	52182	107457	2.059	2.483
T099BAABRNA.3rad.lib1.sorted	40647	270842	6.663	8.353
T100BAABRNA.3rad.lib1.sorted	34136	177396	5.197	6.247
T101BAABRNA.3rad.lib1.sorted	50808	343365	6.758	10.030
T102BAABRNA.3rad.lib1.sorted	51238	475607	9.282	12.948
T103BAABRNA.3rad.lib1.sorted	53512	434127	8.113	11.585
T104BAABRNA.3rad.lib1.sorted	42766	379995	8.885	11.939
T105BAABRNA.3rad.lib1.sorted	49790	530375	10.652	16.209
T106BAABRNA.3rad.lib1.sorted	53511	902797	16.871	25.137
T107BAABRNA.3rad.lib1.sorted	48154	917196	19.047	25.865
T108BAABRNA.3rad.lib1.sorted	60353	884890	14.662	22.747
T109BAABRNA.3rad.lib1.sorted	63611	714514	11.233	19.754
T110BAABRNA.3rad.lib1.sorted	63828	885321	13.870	24.892
T111BAABRNA.3rad.lib1.sorted	50409	875984	17.378	24.559
T112BAABRNA.3rad.lib1.sorted	41135	330643	8.038	10.906
T113BAABRNA.3rad.lib1.sorted	23353	57563	2.465	3.172
T114BAABRNA.3rad.lib1.sorted	64753	786353	12.144	19.765
T115BAABRNA.3rad.lib1.sorted	35978	266658	7.412	9.230
T116BAABRNA.3rad.lib1.sorted	17492	42327	2.420	2.636
T116BAABRNA.3rad.lib2.sorted	33044	437167	13.230	16.326
T117BAPDFNA.3rad.lib1.sorted	37553	348102	9.270	12.307
T118BAPDFNA.3rad.lib1.sorted	58729	690459	11.757	19.311
T119BAPDFNA.3rad.lib1.sorted	57887	678692	11.724	18.131
T120BAPDFNA.3rad.lib1.sorted	65203	848884	13.019	20.921
T121BAPDFNA.3rad.lib1.sorted	57504	876680	15.246	22.148
T122BAPDFNA.3rad.lib1.sorted	67220	1101110	16.381	29.799
T123BAPDFNA.3rad.lib1.sorted	65146	1019463	15.649	28.341
T124BAPDFNA.3rad.lib1.sorted	52050	650025	12.488	20.404
T125BAPDFNA.3rad.lib1.sorted	17281	50785	2.939	3.522
T126BAPDFEI.3rad.lib1.sorted	1140	1182	1.037	1.040
T127GFCAYCM.ddrad.lib1.sorted	131732	2578639	19.575	34.018
T128GFCAYEI.ddrad.lib1.sorted	87239	732492	8.396	11.441
T129GFCAYLO.ddrad.lib1.sorted	84207	279776	3.322	4.224
T130GFCAYLO.ddrad.lib1.sorted	99989	498161	4.982	6.765
T131GFCAYLO.ddrad.lib1.sorted	87319	1700477	19.474	26.398
T132GFCAYLO.ddrad.lib1.sorted	89941	664977	7.393	9.807
T133GFCAYLO.ddrad.lib1.sorted	46882	77855	1.661	1.835
T134GFCAYLO.ddrad.lib1.sorted	105924	574055	5.419	7.256
T135BAPDFEI.ddrad.lib1.sorted	39155	60216	1.538	1.717
T136BAPDFEI.3rad.lib1.sorted	86657	1722462	19.877	40.037
T136BAPDFEI.ddrad.lib1.sorted	142156	833490	5.863	8.515
T137BAPDFEI.3rad.lib1.sorted	113292	1100177	9.711	17.202
T137BAPDFEI.ddrad.lib1.sorted	148096	1085197	7.328	11.200
T138RNADREI.ddrad.lib1.sorted	17347	41293	2.380	2.594
T139RNADREI.3rad.lib1.sorted	72571	667280	9.195	18.413
T140RNADREI.ddrad.lib1.sorted	124579	1270919	10.202	17.647
T141RNADREI.ddrad.lib1.sorted	3468	4140	1.194	1.207
T142RNADREI.3rad.lib1.sorted	86989	1800586	20.699	43.357
T142RNADREI.ddrad.lib1.sorted	95541	1798418	18.824	27.525
T143RNADREI.ddrad.lib1.sorted	82670	677214	8.192	10.955
T144RNADREI.ddrad.lib1.sorted	108680	584390	5.377	7.342
T145RNADREI.ddrad.lib1.sorted	109109	548935	5.031	6.734
T146RNADREI.ddrad.lib1.sorted	99081	1782706	17.992	26.562
T147RNADREI.ddrad.lib1.sorted	99224	2033290	20.492	31.029
T148RNADREI.ddrad.lib1.sorted	94707	371548	3.923	4.968
T149BAPDFEI.ddrad.lib1.sorted	93646	1413329	15.092	21.263
T150BAPDFEI.ddrad.lib1.sorted	136210	614159	4.509	6.066
T151BAPDFEI.ddrad.lib1.sorted	116351	497472	4.276	5.748
T152BAPDFEI.3rad.lib1.sorted	61513	605958	9.851	17.880
T153RNADREI.ddrad.lib1.sorted	123203	811388	6.586	9.239
T154RNADREI.3rad.lib1.sorted	34855	198021	5.681	6.909
T154RNADREI.ddrad.lib1.sorted	110517	560353	5.070	6.877
T155BAABPEI.3rad.lib1.sorted	63929	870641	13.619	21.398
T156BAABPEI.3rad.lib1.sorted	48106	558439	11.609	16.128
T157BAABPEI.3rad.lib1.sorted	71254	963309	13.519	22.116
T158BAABPEI.ddrad.lib1.sorted	40497	58857	1.453	1.476
T159BAABPEI.3rad.lib1.sorted	70624	773072	10.946	18.679
T160BAABPEI.3rad.lib1.sorted	73611	778511	10.576	19.531
T161BAABPEI.3rad.lib1.sorted	46953	541419	11.531	16.551
T162BAABPEI.ddrad.lib1.sorted	79248	187141	2.361	2.742
T163PEFDNEI.3rad.lib1.sorted	39810	377248	9.476	12.578
T164PEFDNEI.3rad.lib1.sorted	37860	372750	9.845	14.731
T165PEFDNEI.3rad.lib1.sorted	87971	1694861	19.266	45.141
T166SEPIREI.3rad.lib1.sorted	92022	1091927	11.866	22.027
T166SEPIREI.ddrad.lib1.sorted	35699	51860	1.453	1.555
T167SEPIREI.3rad.lib1.sorted	75256	954199	12.679	24.674
T168SEPIREI.3rad.lib1.sorted	89384	1229148	13.751	27.364
T169SEPIREI.3rad.lib1.sorted	100129	1360798	13.590	32.014
T169SEPIREI.ddrad.lib1.sorted	13142	15112	1.150	1.170
T170RNNATEI.ddrad.lib1.sorted	130398	494851	3.795	5.070
T171RNNATEI.ddrad.lib1.sorted	43887	64205	1.463	1.491
T172RJCMPEI.3rad.lib1.sorted	73334	978325	13.341	24.515
T173BAABPEI.ddrad.lib1.sorted	156	158	1.013	1.009
T174BAABPEI.ddrad.lib1.sorted	106949	1098658	10.273	14.366
T175BACDSEI.3rad.lib1.sorted	49910	598075	11.983	17.178
T176BAABPEI.3rad.lib1.sorted	42951	95608	2.226	2.577
T176BAABPEI.3rad.lib2.sorted	54428	665311	12.224	15.184
T177BAABPEI.3rad.lib1.sorted	35542	105794	2.977	3.894
T177BAABPEI.3rad.lib2.sorted	45413	490153	10.793	15.035
T178BAABPEI.ddrad.lib1.sorted	122203	1080337	8.841	13.298
T179BAABPEI.ddrad.lib1.sorted	113548	385195	3.392	4.390
T180BAABPEI.ddrad.lib1.sorted	144564	1014122	7.015	10.852
T181BAABPEI.3rad.lib1.sorted	109079	1226824	11.247	18.115
T182BAABPEI.3rad.lib1.sorted	46660	377601	8.093	11.041
T183BAABPEI.ddrad.lib1.sorted	116203	1179112	10.147	16.102
T184BAABPEI.ddrad.lib1.sorted	96263	1219673	12.670	19.243
T185BAABPEI.ddrad.lib1.sorted	88330	203336	2.302	2.697
T186BAPDFEI.ddrad.lib1.sorted	106136	383405	3.612	4.680
T187BAABPEI.ddrad.lib1.sorted	92545	1363318	14.731	20.065
T188RNADREI.3rad.lib1.sorted	61541	995782	16.181	26.802
T189RNADREI.3rad.lib1.sorted	35287	172040	4.875	6.128
T190RNADREI.ddrad.lib1.sorted	2386	2879	1.207	1.247
T191RNADREI.3rad.lib1.sorted	47628	643722	13.516	19.406
T192BAPDFEI.ddrad.lib1.sorted	6180	7712	1.248	1.268
T193BAPDFEI.3rad.lib1.sorted	11162	46500	4.166	4.324
T193BAPDFEI.3rad.lib2.sorted	65146	190503	2.924	3.526
T194BAPDFEI.3rad.lib1.sorted	57419	133828	2.331	2.709
T195BAPDFEI.3rad.lib1.sorted	47354	108726	2.296	2.588
T196BAPDFEI.3rad.lib1.sorted	12296	83581	6.797	7.203
T196BAPDFEI.3rad.lib2.sorted	29254	52829	1.806	1.933
T197SAERGCC.3rad.lib1.sorted	57870	427387	7.385	12.835
T198SAERGCC.3rad.lib1.sorted	56562	1098040	19.413	29.786
T199SAERGCC.3rad.lib1.sorted	71017	1190728	16.767	28.666
T200SAERGCC.3rad.lib1.sorted	60935	902846	14.817	24.458
T201SAERGCC.3rad.lib1.sorted	60698	708753	11.677	20.276
T201SAERGCC.ddrad.lib1.sorted	116971	1189317	10.168	14.195
T202SAERGCC.3rad.lib1.sorted	47837	645728	13.499	19.100
T203SAERGCC.3rad.lib1.sorted	80837	702004	8.684	20.342
T204SAERGCC.3rad.lib1.sorted	10641	14618	1.374	1.423
T204SAERGCC.3rad.lib2.sorted	10586	54316	5.131	4.962
T205SAERGCC.3rad.lib1.sorted	42444	214092	5.044	7.501
T206SAERGCC.ddrad.lib1.sorted	108034	426916	3.952	5.301
T207SAERGCC.ddrad.lib1.sorted	110927	477235	4.302	5.278
T208SAERGCC.ddrad.lib1.sorted	85947	1958397	22.786	31.193
T209SAERGCC.ddrad.lib1.sorted	114191	648591	5.680	7.746
T210SAERGCC.ddrad.lib1.sorted	115384	544540	4.719	6.647
T211SAERGCC.ddrad.lib1.sorted	71682	175592	2.450	2.628
T212SAERGCC.ddrad.lib1.sorted	114475	592350	5.174	7.027
T213SAERGCC.ddrad.lib1.sorted	99578	1432654	14.387	21.544
T214SAERGCC.ddrad.lib1.sorted	88343	1538631	17.417	24.178
T215SAERGCC.ddrad.lib1.sorted	149825	2421900	16.165	25.761
T216SAERGCC.3rad.lib1.sorted	75021	1944829	25.924	52.364
T218SAERGCC.3rad.lib1.sorted	46269	257210	5.559	8.920
T218SAERGCC.ddrad.lib1.sorted	104339	3605690	34.557	53.929
T219SAERGCC.ddrad.lib1.sorted	174	177	1.017	1.028
T220SAERGCC.3rad.lib1.sorted	62447	853097	13.661	22.871
T221SAERGCC.ddrad.lib1.sorted	115455	1192566	10.329	17.065
T222MQLLRCM.ddrad.lib1.sorted	119921	3950738	32.945	54.385
T223SAERGCC.3rad.lib1.sorted	53595	684302	12.768	20.759
T224SAERGCC.3rad.lib1.sorted	83043	1566528	18.864	39.721
T225SPUBTCC.3rad.lib1.sorted	75089	942212	12.548	22.612
T226RJBCMCC.3rad.lib1.sorted	55318	784165	14.176	19.942
T227RJBCMCC.3rad.lib1.sorted	4889	5621	1.150	1.173
T227RJBCMCC.3rad.lib2.sorted	5745	17120	2.980	3.076
T228SEPIRCC.3rad.lib1.sorted	51826	445370	8.594	13.843
T229SEPIRCC.3rad.lib1.sorted	45509	349618	7.682	10.863
T230SEPIRCC.3rad.lib1.sorted	49221	385476	7.832	11.705
T231SEPIRCC.3rad.lib1.sorted	58733	497537	8.471	12.324
T232SEPIRAD.3rad.lib1.sorted	72273	840187	11.625	18.750
T233SEPIRCC.3rad.lib1.sorted	4831	5688	1.177	1.193
T233SEPIRCC.3rad.lib2.sorted	6784	22957	3.384	3.387
T234RJBCMCC.3rad.lib1.sorted	58872	738867	12.550	19.287
T235RJBCMCC.3rad.lib1.sorted	61746	719122	11.646	19.251
T236SEPIRCC.3rad.lib1.sorted	59354	1150719	19.387	33.896
T237SEPIRCC.3rad.lib1.sorted	75430	764364	10.133	16.937
T238SEABACC.3rad.lib1.sorted	17515	36007	2.056	2.228
T239SEABACC.3rad.lib1.sorted	12208	18530	1.518	1.653
T240SEPDMCC.3rad.lib1.sorted	60911	587462	9.645	15.357
T241SEPIRCC.3rad.lib1.sorted	53172	501631	9.434	15.166
T242SEPIRCC.3rad.lib1.sorted	65880	763603	11.591	20.887
T243SEPIRAD.3rad.lib1.sorted	74198	746128	10.056	16.414
T244SEPIRAD.3rad.lib1.sorted	58305	446980	7.666	10.811
T245SEABACC.3rad.lib1.sorted	26485	73070	2.759	3.194
T245SEABACC.3rad.lib2.sorted	34485	278212	8.068	10.073
T246SEPIRCC.3rad.lib1.sorted	2784	2991	1.074	1.083
T247SEABACC.3rad.lib1.sorted	59076	757785	12.827	18.640
T248SEABACC.3rad.lib1.sorted	59405	707561	11.911	17.928
T249SEABACC.3rad.lib1.sorted	41401	231402	5.589	7.040
T249SEABACC.3rad.lib2.sorted	37243	418206	11.229	13.796
T250BAABPCC.3rad.lib1.sorted	15313	25159	1.643	1.761
T250BAABPCC.3rad.lib2.sorted	20561	121938	5.931	6.539
T251SEPDMAD.3rad.lib1.sorted	43861	304000	6.931	8.828
T251SEPDMAD.3rad.lib2.sorted	45335	690917	15.240	19.900
T252SEPDMCC.3rad.lib1.sorted	64552	973764	15.085	23.701
T253SEPIRCC.3rad.lib1.sorted	65859	1279771	19.432	31.737
T254SEPIRCC.3rad.lib1.sorted	51082	566941	11.099	15.524
