T000PEFDNCM.ddrad.lib1.sorted	79276	388597	4.902	6.483
T001RNPIPEI.ddrad.lib1.sorted	95862	1422507	14.839	21.435
T003PEFDNCM.ddrad.lib1.sorted	86177	373322	4.332	5.743
T004PEFDNCM.ddrad.lib1.sorted	145689	1459886	10.021	16.589
T007RNPIPEI.ddrad.lib1.sorted	113947	1144974	10.048	14.587
T008RNPIPEI.ddrad.lib1.sorted	98573	852066	8.644	12.498
T010ESCMBCC.ddrad.lib1.sorted	110871	1168445	10.539	16.445
T014BAPDFCC.ddrad.lib1.sorted	127019	838911	6.605	9.220
T018ESCMBCC.ddrad.lib1.sorted	97409	2107452	21.635	30.860
T021ESPOVCC.ddrad.lib1.sorted	99901	467384	4.678	6.437
T022ESPOVCC.ddrad.lib1.sorted	94426	364760	3.863	4.948
T023ESCMBCC.ddrad.lib1.sorted	118391	636481	5.376	7.310
T025ESPOVCC.ddrad.lib1.sorted	94588	2488645	26.310	37.797
T027RNPIPEI.ddrad.lib1.sorted	131445	953471	7.254	10.018
T029ESPOVCC.ddrad.lib1.sorted	93785	1137314	12.127	16.663
T031BASANCC.ddrad.lib1.sorted	90474	1183383	13.080	19.493
T035RNPIPEI.ddrad.lib1.sorted	130294	2335820	17.927	33.694
T036SEPIRLO.ddrad.lib1.sorted	81686	739049	9.047	11.836
T040RNPIPEI.ddrad.lib1.sorted	98039	1066154	10.875	14.957
T046RNPIPEI.ddrad.lib1.sorted	139768	1763520	12.617	19.799
T047BAPDFCC.ddrad.lib1.sorted	101157	631990	6.248	8.892
T048RNPIPEI.ddrad.lib1.sorted	84755	1045285	12.333	17.260
T049BASANCC.ddrad.lib1.sorted	99762	2231528	22.369	33.516
T050BASANCC.ddrad.lib1.sorted	102738	518702	5.049	6.794
T052ESCMBCC.ddrad.lib1.sorted	93144	934845	10.037	13.522
T055RNPIPEI.ddrad.lib1.sorted	85397	1277340	14.958	22.464
T062BASANEI.ddrad.lib1.sorted	178673	2825688	15.815	26.152
T063BASANCC.ddrad.lib1.sorted	77440	327965	4.235	5.609
T068BASANEI.ddrad.lib1.sorted	91431	936411	10.242	14.248
T072BAPDFCC.ddrad.lib1.sorted	98695	1726127	17.490	26.309
T078BAPDFCC.ddrad.lib1.sorted	128546	1039810	8.089	11.532
T081SEPIRLO.ddrad.lib1.sorted	107150	1236017	11.535	16.575
T082BAPDFCC.ddrad.lib1.sorted	50228	231600	4.611	5.712
T083BAPDFCC.ddrad.lib1.sorted	108732	1677858	15.431	24.435
T086BAPDFCC.ddrad.lib1.sorted	127025	888895	6.998	10.111
T089BAPDFCC.ddrad.lib1.sorted	91394	1261777	13.806	18.775
T091BAABPEI.ddrad.lib1.sorted	132195	658431	4.981	7.095
T092BASANEI.ddrad.lib1.sorted	119462	429206	3.593	5.029
T093BAPDFEI.ddrad.lib1.sorted	118655	472251	3.980	5.444
T095BAPDFCC.ddrad.lib1.sorted	133749	897533	6.711	9.837
T097BAPDFEI.ddrad.lib1.sorted	99382	943195	9.491	15.467
T099BAABRNA.3rad.lib1.sorted	40647	270842	6.663	8.353
T100BAABRNA.3rad.lib1.sorted	34136	177396	5.197	6.247
T101BAABRNA.3rad.lib1.sorted	50808	343365	6.758	10.030
T102BAABRNA.3rad.lib1.sorted	51238	475607	9.282	12.948
T103BAABRNA.3rad.lib1.sorted	53512	434127	8.113	11.585
T104BAABRNA.3rad.lib1.sorted	42766	379995	8.885	11.939
T105BAABRNA.3rad.lib1.sorted	49790	530375	10.652	16.209
T106BAABRNA.3rad.lib1.sorted	53511	902797	16.871	25.137
T107BAABRNA.3rad.lib1.sorted	48154	917196	19.047	25.865
T108BAABRNA.3rad.lib1.sorted	60353	884890	14.662	22.747
T109BAABRNA.3rad.lib1.sorted	63611	714514	11.233	19.754
T110BAABRNA.3rad.lib1.sorted	63828	885321	13.870	24.892
T111BAABRNA.3rad.lib1.sorted	50409	875984	17.378	24.559
T112BAABRNA.3rad.lib1.sorted	41135	330643	8.038	10.906
T114BAABRNA.3rad.lib1.sorted	64753	786353	12.144	19.765
T115BAABRNA.3rad.lib1.sorted	35978	266658	7.412	9.230
T116BAABRNA.3rad.lib2.sorted	33044	437167	13.230	16.326
T117BAPDFNA.3rad.lib1.sorted	37553	348102	9.270	12.307
T118BAPDFNA.3rad.lib1.sorted	58729	690459	11.757	19.311
T119BAPDFNA.3rad.lib1.sorted	57887	678692	11.724	18.131
T120BAPDFNA.3rad.lib1.sorted	65203	848884	13.019	20.921
T121BAPDFNA.3rad.lib1.sorted	57504	876680	15.246	22.148
T122BAPDFNA.3rad.lib1.sorted	67220	1101110	16.381	29.799
T123BAPDFNA.3rad.lib1.sorted	65146	1019463	15.649	28.341
T124BAPDFNA.3rad.lib1.sorted	52050	650025	12.488	20.404
T127GFCAYCM.ddrad.lib1.sorted	131732	2578639	19.575	34.018
T128GFCAYEI.ddrad.lib1.sorted	87239	732492	8.396	11.441
T130GFCAYLO.ddrad.lib1.sorted	99989	498161	4.982	6.765
T131GFCAYLO.ddrad.lib1.sorted	87319	1700477	19.474	26.398
T132GFCAYLO.ddrad.lib1.sorted	89941	664977	7.393	9.807
T134GFCAYLO.ddrad.lib1.sorted	105924	574055	5.419	7.256
T136BAPDFEI.3rad.lib1.sorted	86657	1722462	19.877	40.037
T137BAPDFEI.3rad.lib1.sorted	113292	1100177	9.711	17.202
T139RNADREI.3rad.lib1.sorted	72571	667280	9.195	18.413
T140RNADREI.ddrad.lib1.sorted	124579	1270919	10.202	17.647
T142RNADREI.3rad.lib1.sorted	86989	1800586	20.699	43.357
T143RNADREI.ddrad.lib1.sorted	82670	677214	8.192	10.955
T144RNADREI.ddrad.lib1.sorted	108680	584390	5.377	7.342
T145RNADREI.ddrad.lib1.sorted	109109	548935	5.031	6.734
T146RNADREI.ddrad.lib1.sorted	99081	1782706	17.992	26.562
T147RNADREI.ddrad.lib1.sorted	99224	2033290	20.492	31.029
T149BAPDFEI.ddrad.lib1.sorted	93646	1413329	15.092	21.263
T150BAPDFEI.ddrad.lib1.sorted	136210	614159	4.509	6.066
T151BAPDFEI.ddrad.lib1.sorted	116351	497472	4.276	5.748
T152BAPDFEI.3rad.lib1.sorted	61513	605958	9.851	17.880
T153RNADREI.ddrad.lib1.sorted	123203	811388	6.586	9.239
T154RNADREI.ddrad.lib1.sorted	110517	560353	5.070	6.877
T155BAABPEI.3rad.lib1.sorted	63929	870641	13.619	21.398
T156BAABPEI.3rad.lib1.sorted	48106	558439	11.609	16.128
T157BAABPEI.3rad.lib1.sorted	71254	963309	13.519	22.116
T159BAABPEI.3rad.lib1.sorted	70624	773072	10.946	18.679
T160BAABPEI.3rad.lib1.sorted	73611	778511	10.576	19.531
T161BAABPEI.3rad.lib1.sorted	46953	541419	11.531	16.551
T163PEFDNEI.3rad.lib1.sorted	39810	377248	9.476	12.578
T164PEFDNEI.3rad.lib1.sorted	37860	372750	9.845	14.731
T165PEFDNEI.3rad.lib1.sorted	87971	1694861	19.266	45.141
T166SEPIREI.3rad.lib1.sorted	92022	1091927	11.866	22.027
T167SEPIREI.3rad.lib1.sorted	75256	954199	12.679	24.674
T168SEPIREI.3rad.lib1.sorted	89384	1229148	13.751	27.364
T169SEPIREI.3rad.lib1.sorted	100129	1360798	13.590	32.014
T170RNNATEI.ddrad.lib1.sorted	130398	494851	3.795	5.070
T172RJCMPEI.3rad.lib1.sorted	73334	978325	13.341	24.515
T174BAABPEI.ddrad.lib1.sorted	106949	1098658	10.273	14.366
T175BACDSEI.3rad.lib1.sorted	49910	598075	11.983	17.178
T176BAABPEI.3rad.lib2.sorted	54428	665311	12.224	15.184
T177BAABPEI.3rad.lib2.sorted	45413	490153	10.793	15.035
T178BAABPEI.ddrad.lib1.sorted	122203	1080337	8.841	13.298
T180BAABPEI.ddrad.lib1.sorted	144564	1014122	7.015	10.852
T181BAABPEI.3rad.lib1.sorted	109079	1226824	11.247	18.115
T182BAABPEI.3rad.lib1.sorted	46660	377601	8.093	11.041
T183BAABPEI.ddrad.lib1.sorted	116203	1179112	10.147	16.102
T184BAABPEI.ddrad.lib1.sorted	96263	1219673	12.670	19.243
T187BAABPEI.ddrad.lib1.sorted	92545	1363318	14.731	20.065
T188RNADREI.3rad.lib1.sorted	61541	995782	16.181	26.802
T189RNADREI.3rad.lib1.sorted	35287	172040	4.875	6.128
T191RNADREI.3rad.lib1.sorted	47628	643722	13.516	19.406
T196BAPDFEI.3rad.lib1.sorted	12296	83581	6.797	7.203
T197SAERGCC.3rad.lib1.sorted	57870	427387	7.385	12.835
T198SAERGCC.3rad.lib1.sorted	56562	1098040	19.413	29.786
T199SAERGCC.3rad.lib1.sorted	71017	1190728	16.767	28.666
T200SAERGCC.3rad.lib1.sorted	60935	902846	14.817	24.458
T201SAERGCC.3rad.lib1.sorted	60698	708753	11.677	20.276
T202SAERGCC.3rad.lib1.sorted	47837	645728	13.499	19.100
T203SAERGCC.3rad.lib1.sorted	80837	702004	8.684	20.342
T205SAERGCC.3rad.lib1.sorted	42444	214092	5.044	7.501
T206SAERGCC.ddrad.lib1.sorted	108034	426916	3.952	5.301
T207SAERGCC.ddrad.lib1.sorted	110927	477235	4.302	5.278
T208SAERGCC.ddrad.lib1.sorted	85947	1958397	22.786	31.193
T209SAERGCC.ddrad.lib1.sorted	114191	648591	5.680	7.746
T210SAERGCC.ddrad.lib1.sorted	115384	544540	4.719	6.647
T212SAERGCC.ddrad.lib1.sorted	114475	592350	5.174	7.027
T213SAERGCC.ddrad.lib1.sorted	99578	1432654	14.387	21.544
T214SAERGCC.ddrad.lib1.sorted	88343	1538631	17.417	24.178
T215SAERGCC.ddrad.lib1.sorted	149825	2421900	16.165	25.761
T216SAERGCC.3rad.lib1.sorted	75021	1944829	25.924	52.364
T218SAERGCC.ddrad.lib1.sorted	104339	3605690	34.557	53.929
T220SAERGCC.3rad.lib1.sorted	62447	853097	13.661	22.871
T221SAERGCC.ddrad.lib1.sorted	115455	1192566	10.329	17.065
T222MQLLRCM.ddrad.lib1.sorted	119921	3950738	32.945	54.385
T223SAERGCC.3rad.lib1.sorted	53595	684302	12.768	20.759
T224SAERGCC.3rad.lib1.sorted	83043	1566528	18.864	39.721
T225SPUBTCC.3rad.lib1.sorted	75089	942212	12.548	22.612
T226RJBCMCC.3rad.lib1.sorted	55318	784165	14.176	19.942
T228SEPIRCC.3rad.lib1.sorted	51826	445370	8.594	13.843
T229SEPIRCC.3rad.lib1.sorted	45509	349618	7.682	10.863
T230SEPIRCC.3rad.lib1.sorted	49221	385476	7.832	11.705
T231SEPIRCC.3rad.lib1.sorted	58733	497537	8.471	12.324
T232SEPIRAD.3rad.lib1.sorted	72273	840187	11.625	18.750
T234RJBCMCC.3rad.lib1.sorted	58872	738867	12.550	19.287
T235RJBCMCC.3rad.lib1.sorted	61746	719122	11.646	19.251
T236SEPIRCC.3rad.lib1.sorted	59354	1150719	19.387	33.896
T237SEPIRCC.3rad.lib1.sorted	75430	764364	10.133	16.937
T240SEPDMCC.3rad.lib1.sorted	60911	587462	9.645	15.357
T241SEPIRCC.3rad.lib1.sorted	53172	501631	9.434	15.166
T242SEPIRCC.3rad.lib1.sorted	65880	763603	11.591	20.887
T243SEPIRAD.3rad.lib1.sorted	74198	746128	10.056	16.414
T244SEPIRAD.3rad.lib1.sorted	58305	446980	7.666	10.811
T245SEABACC.3rad.lib2.sorted	34485	278212	8.068	10.073
T247SEABACC.3rad.lib1.sorted	59076	757785	12.827	18.640
T248SEABACC.3rad.lib1.sorted	59405	707561	11.911	17.928
T249SEABACC.3rad.lib2.sorted	37243	418206	11.229	13.796
T250BAABPCC.3rad.lib2.sorted	20561	121938	5.931	6.539
T251SEPDMAD.3rad.lib2.sorted	45335	690917	15.240	19.900
T252SEPDMCC.3rad.lib1.sorted	64552	973764	15.085	23.701
T253SEPIRCC.3rad.lib1.sorted	65859	1279771	19.432	31.737
T254SEPIRCC.3rad.lib1.sorted	51082	566941	11.099	15.524
