0	0	0	0	0
1	0	0	0	0
2	1	0	1	0
3	0	0	0	0
4	0	0	0	0
5	0	0	0	0
6	0	0	0	0
7	0	0	0	0
8	0	0	0	0
9	0	0	0	0
10	0	0	0	0
11	0	0	0	0
12	0	0	0	0
13	0	0	0	0
14	0	0	0	0
15	0	0	0	0
16	0	0	0	0
17	0	0	0	0
18	0	0	0	0
19	899	673	226	0
20	276	119	157	0
21	83	37	46	0
22	52	14	38	0
23	30	12	18	0
24	12	9	3	0
25	2	2	0	0
26	0	0	0	0
27	0	0	0	0
28	0	0	0	0
29	1	1	0	0
30	0	0	0	0
31	0	0	0	0
32	0	0	0	0
33	1	1	0	0
34	71	68	3	0
35	0	0	0	0
36	2	1	1	0
37	0	0	0	0
38	7	7	0	0
39	0	0	0	0
40	2	2	0	0
41	0	0	0	0
42	0	0	0	0
43	0	0	0	0
44	8	8	0	0
45	0	0	0	0
46	2	1	1	0
47	0	0	0	0
48	0	0	0	0
49	0	0	0	0
50	2	2	0	0
51	1	0	1	0
52	3	3	0	0
53	0	0	0	0
54	9	0	9	0
55	1	1	0	0
56	0	0	0	0
57	0	0	0	0
58	0	0	0	0
59	19	19	0	0
60	0	0	0	0
61	0	0	0	0
62	16	16	0	0
63	1	1	0	0
64	0	0	0	0
65	0	0	0	0
66	2	2	0	0
67	1	1	0	0
68	5	5	0	0
69	0	0	0	0
70	1	1	0	0
71	0	0	0	0
72	0	0	0	0
73	1	0	1	0
74	0	0	0	0
75	0	0	0	0
76	0	0	0	0
77	0	0	0	0
78	1	1	0	0
79	3	3	0	0
80	1	1	0	0
81	5	5	0	0
82	14	14	0	0
83	5	5	0	0
84	1	1	0	0
85	0	0	0	0
86	3	3	0	0
87	0	0	0	0
88	0	0	0	0
89	1	1	0	0
90	1	1	0	0
91	7	7	0	0
92	11	11	0	0
93	30	30	0	0
94	26	26	0	0
95	1	1	0	0
96	57	57	0	0
97	5	5	0	0
98	41	41	0	0
99	87	87	0	0
100	4	4	0	0
101	9	9	0	0
102	4	4	0	0
103	17	17	0	0
104	26	24	2	0
105	4	3	1	0
106	19	19	0	0
107	42	42	0	0
108	17	17	0	0
109	4	4	0	0
110	2	2	0	0
111	17	17	0	0
112	3	3	0	0
113	10	10	0	0
114	4	4	0	0
115	18	18	0	0
116	9	9	0	0
117	7	6	1	0
118	81	75	6	0
119	27	22	5	0
120	25	25	0	0
121	20	20	0	0
122	57	57	0	0
123	8	7	1	0
124	73	73	0	0
125	6	6	0	0
126	48	48	0	0
127	36	31	5	0
128	70	69	1	0
129	54	54	0	0
130	15	12	3	0
131	67	67	0	0
132	43	42	1	0
133	65	63	2	0
134	46	44	2	0
135	68	67	1	0
136	64	52	12	0
137	50	49	1	0
138	14	14	0	0
139	30	25	5	0
140	60	59	1	0
141	105	105	0	0
142	204	204	0	0
143	97	96	1	0
144	31	31	0	0
145	76	76	0	0
146	138	134	4	0
147	89	89	0	0
148	98	98	0	0
149	71	71	0	0
150	101	101	0	0
151	187	187	0	0
152	62	62	0	0
153	210	210	0	0
154	147	147	0	0
155	136	136	0	0
156	210	210	0	0
157	204	204	0	0
158	203	203	0	0
159	103	103	0	0
160	359	359	0	0
161	286	286	0	0
162	300	300	0	0
163	223	223	0	0
164	154	154	0	0
165	260	260	0	0
166	178	178	0	0
167	521	521	0	0
168	182	182	0	0
169	173	173	0	0
170	323	323	0	0
171	349	349	0	0
172	448	448	0	0
173	640	640	0	0
174	294	294	0	0
175	422	422	0	0
176	693	693	0	0
177	501	501	0	0
178	347	347	0	0
179	613	613	0	0
180	635	635	0	0
181	560	560	0	0
182	1232	1232	0	0
183	681	681	0	0
184	602	602	0	0
185	1423	1423	0	0
186	964	964	0	0
187	753	753	0	0
188	892	892	0	0
189	735	735	0	0
190	775	775	0	0
191	852	852	0	0
192	1011	1011	0	0
193	987	987	0	0
194	1204	1204	0	0
195	1336	1336	0	0
196	1954	1954	0	0
197	1056	1056	0	0
198	1275	1275	0	0
199	1682	1682	0	0
200	1540	1540	0	0
201	1293	1293	0	0
202	1655	1655	0	0
203	2643	2643	0	0
204	1759	1759	0	0
205	1375	1375	0	0
206	2050	2050	0	0
207	2047	2047	0	0
208	1999	1999	0	0
209	1979	1979	0	0
210	2207	2207	0	0
211	2397	2397	0	0
212	2249	2249	0	0
213	2876	2876	0	0
214	2930	2930	0	0
215	3115	3115	0	0
216	2654	2654	0	0
217	3100	3100	0	0
218	2801	2801	0	0
219	3256	3256	0	0
220	4172	4172	0	0
221	4956	4956	0	0
222	3102	3102	0	0
223	4390	4390	0	0
224	4607	4607	0	0
225	5503	5503	0	0
226	5663	5663	0	0
227	6585	6585	0	0
228	7415	7415	0	0
229	7780	7780	0	0
230	8076	8076	0	0
231	10004	10004	0	0
232	10785	10785	0	0
233	11874	11874	0	0
234	22840	22840	0	0
235	22955	22955	0	0
236	27796	27796	0	0
237	28424	28424	0	0
238	32142	32142	0	0
239	32950	32950	0	0
240	38248	38248	0	0
241	35749	35749	0	0
242	33626	33626	0	0
243	35764	35764	0	0
244	37920	37920	0	0
245	34979	34979	0	0
246	42581	42581	0	0
247	39184	39184	0	0
248	38876	38876	0	0
249	45647	45647	0	0
250	40227	40227	0	0
251	44581	44581	0	0
252	48661	48661	0	0
253	45170	45170	0	0
254	43706	43706	0	0
255	56603	56603	0	0
256	47801	47801	0	0
257	49214	49214	0	0
258	49400	49400	0	0
259	50921	50921	0	0
260	52332	52332	0	0
261	58639	58639	0	0
262	48957	48957	0	0
263	53578	53578	0	0
264	45572	45572	0	0
265	62737	62737	0	0
266	58649	58649	0	0
267	61116	61116	0	0
268	55233	55233	0	0
269	61299	61299	0	0
270	57025	57025	0	0
271	62672	62672	0	0
272	63973	63973	0	0
273	58535	58535	0	0
274	65929	65929	0	0
275	56579	56579	0	0
276	70353	70353	0	0
277	69514	69514	0	0
278	77314	77314	0	0
279	77732	77732	0	0
280	68853	68853	0	0
281	65784	65784	0	0
282	69308	69308	0	0
283	70982	70982	0	0
284	83775	83775	0	0
285	79890	79890	0	0
286	73797	73797	0	0
287	83870	83870	0	0
288	70266	70266	0	0
289	73413	73413	0	0
290	73360	73360	0	0
291	74865	74865	0	0
292	94175	94175	0	0
293	85397	85397	0	0
294	101899	101899	0	0
295	155199	155199	0	0
296	91290	91290	0	0
297	91730	91730	0	0
298	86159	86159	0	0
299	103450	103450	0	0
300	126085	126085	0	0
301	91745	91745	0	0
302	102843	102843	0	0
303	104756	104756	0	0
304	103976	103976	0	0
305	111378	111378	0	0
306	105554	105554	0	0
307	126813	126813	0	0
308	126556	126556	0	0
309	131557	131557	0	0
310	152449	152449	0	0
311	126273	126273	0	0
312	127399	127399	0	0
313	143200	143200	0	0
314	122253	122253	0	0
315	160460	160460	0	0
316	143565	143565	0	0
317	131078	131078	0	0
318	146653	146653	0	0
319	152373	152373	0	0
320	150335	150335	0	0
321	140039	140039	0	0
322	147742	147742	0	0
323	153488	153488	0	0
324	142630	142630	0	0
325	155096	155096	0	0
326	182858	182858	0	0
327	184993	184993	0	0
328	195175	195175	0	0
329	167176	167176	0	0
330	158788	158788	0	0
331	193112	193112	0	0
332	174129	174129	0	0
333	206579	206579	0	0
334	185935	185935	0	0
335	227591	227591	0	0
336	201147	201147	0	0
337	221867	221867	0	0
338	245350	245350	0	0
339	259222	259222	0	0
340	236554	236554	0	0
341	265688	265688	0	0
342	250384	250384	0	0
343	267638	267638	0	0
344	223846	223846	0	0
345	298142	298142	0	0
346	231628	231628	0	0
347	261882	261882	0	0
348	307337	307337	0	0
349	278747	278747	0	0
350	300086	300086	0	0
351	287650	287650	0	0
352	382791	382791	0	0
353	370358	370358	0	0
354	405292	405292	0	0
355	379067	379067	0	0
356	406619	406619	0	0
357	428274	428274	0	0
358	429755	429755	0	0
359	414002	414002	0	0
360	457431	457431	0	0
361	432480	432480	0	0
362	509759	509759	0	0
363	484034	484034	0	0
364	572860	572860	0	0
365	540879	540879	0	0
366	577928	577928	0	0
367	584007	584007	0	0
368	640553	640553	0	0
369	653323	653323	0	0
370	629872	629872	0	0
371	661379	661379	0	0
372	729049	729049	0	0
373	751233	751233	0	0
374	752821	752821	0	0
375	795717	795717	0	0
376	684091	684091	0	0
377	784004	784004	0	0
378	797888	797888	0	0
379	879208	879208	0	0
380	822464	822464	0	0
381	914764	914764	0	0
382	874892	874892	0	0
383	862525	862525	0	0
384	803732	803732	0	0
385	871213	871213	0	0
386	859830	859830	0	0
387	961678	961678	0	0
388	825506	825506	0	0
389	828658	828658	0	0
390	931901	931901	0	0
391	844657	844657	0	0
392	794766	794766	0	0
393	948938	948938	0	0
394	832908	832908	0	0
395	779137	779137	0	0
396	751929	751929	0	0
397	775002	775002	0	0
398	586024	586024	0	0
399	731866	731866	0	0
400	690118	690118	0	0
401	719006	719006	0	0
402	705573	705573	0	0
403	753758	753758	0	0
404	597076	597076	0	0
405	593682	593682	0	0
406	611833	611833	0	0
407	646001	646001	0	0
408	529579	529579	0	0
409	591089	591089	0	0
410	583946	583946	0	0
411	504036	504036	0	0
412	498468	498468	0	0
413	580409	580409	0	0
414	474130	474130	0	0
415	494835	494835	0	0
416	428360	428360	0	0
417	410805	410805	0	0
418	378691	378691	0	0
419	409590	409590	0	0
420	343858	343858	0	0
421	327099	327099	0	0
422	282783	282783	0	0
423	255991	255991	0	0
424	239696	239696	0	0
425	242808	242808	0	0
426	237685	237685	0	0
427	233929	233929	0	0
428	208443	208443	0	0
429	193027	193027	0	0
430	203309	203309	0	0
431	159097	159097	0	0
432	195029	195029	0	0
433	150812	150812	0	0
434	151555	151555	0	0
435	166235	166235	0	0
436	127785	127785	0	0
437	121735	121735	0	0
438	117675	117675	0	0
439	120202	120202	0	0
440	119920	119920	0	0
441	69960	69960	0	0
442	74571	74571	0	0
443	66415	66415	0	0
444	111406	111406	0	0
445	39949	39949	0	0
446	66331	66331	0	0
447	51501	51501	0	0
448	43420	43420	0	0
449	31120	31120	0	0
450	33957	33957	0	0
451	28424	28424	0	0
452	23345	23345	0	0
453	23882	23882	0	0
454	23870	23870	0	0
455	13402	13402	0	0
456	14358	14358	0	0
