pop,stat,value
Lo,Pi,0.002540288309533311
Cc BR,Pi,0.002511659942349302
Cc ERG,Pi,0.002298917019275804
Cm,Pi,0.011602489402240724
Ei,Pi,0.004605925891611155
Lo,Heterozygosity,0.0032031922462646837
Cc BR,Heterozygosity,0.002452719643568549
Cc ERG,Heterozygosity,0.0021429711635069532
Cm,Heterozygosity,0.013423570878852738
Ei,Heterozygosity,0.004508285580124596
Lo,Theta,0.002709017959547001
Cc BR,Theta,0.0029622431936747015
Cc ERG,Theta,0.0026733966400944564
Cm,Theta,0.012724553411815795
Ei,Theta,0.005593859168465625
Lo,Tajima's D,-0.34290742900618015
Cc BR,Tajima's D,-0.5172895249178593
Cc ERG,Tajima's D,-0.5491309864800867
Cm,Tajima's D,-0.4004066559228262
Ei,Tajima's D,-0.621057979664702
