T000PEFDNCM	Cm
T001RNPIPEI	Ei
T003PEFDNCM	Cm
T004PEFDNCM	Cm
T007RNPIPEI	Ei
T008RNPIPEI	Ei
T010ESCMBCC	Cc_BR
T014BAPDFCC	Cc_BR
T018ESCMBCC	Cc_BR
T021ESPOVCC	Cc_BR
T022ESPOVCC	Cc_BR
T023ESCMBCC	Cc_BR
T025ESPOVCC	Cc_BR
T027RNPIPEI	Ei
T029ESPOVCC	Cc_BR
T031BASANCC	Cc_BR
T035RNPIPEI	Ei
T036SEPIRLO	Lo
T040RNPIPEI	Ei
T046RNPIPEI	Ei
T047BAPDFCC	Cc_BR
T048RNPIPEI	Ei
T049BASANCC	Cc_BR
T050BASANCC	Cc_BR
T052ESCMBCC	Cc_BR
T055RNPIPEI	Ei
T062BASANEI	Ei
T063BASANCC	Cc_BR
T068BASANEI	Ei
T072BAPDFCC	Cc_BR
T078BAPDFCC	Cc_BR
T081SEPIRLO	Lo
T082BAPDFCC	Cc_BR
T083BAPDFCC	Cc_BR
T086BAPDFCC	Cc_BR
T089BAPDFCC	Cc_BR
T095BAPDFCC	Cc_BR
T097BAPDFEI	Ei
T102BAABRNA	Cc_BR
T103BAABRNA	Cc_BR
T104BAABRNA	Cc_BR
T105BAABRNA	Cc_BR
T106BAABRNA	Cc_BR
T107BAABRNA	Cc_BR
T111BAABRNA	Cc_BR
T112BAABRNA	Cc_BR
T114BAABRNA	Ei
T115BAABRNA	Ei
T116BAABRNA	Ei
T127GFCAYCM	Cm
T128GFCAYEI	Cm
T130GFCAYLO	Lo
T131GFCAYLO	Lo
T132GFCAYLO	Lo
T134GFCAYLO	Lo
T139RNADREI	Ei
T140RNADREI	Ei
T142RNADREI	Ei
T143RNADREI	Ei
T144RNADREI	Ei
T145RNADREI	Ei
T146RNADREI	Ei
T147RNADREI	Ei
T149BAPDFEI	Ei
T153RNADREI	Ei
T154RNADREI	Ei
T163PEFDNEI	Ei
T164PEFDNEI	Ei
T165PEFDNEI	Ei
T167SEPIREI	Ei
T170RNNATEI	Ei
T172RJCMPEI	Ei
T174BAABPEI	Ei
T187BAABPEI	Ei
T188RNADREI	Ei
T189RNADREI	Ei
T191RNADREI	Ei
T197SAERGCC	Cc_ERG
T198SAERGCC	Cc_BR
T199SAERGCC	Cc_ERG
T200SAERGCC	Cc_ERG
T201SAERGCC	Cc_ERG
T202SAERGCC	Cc_ERG
T203SAERGCC	Cc_ERG
T205SAERGCC	Cc_ERG
T206SAERGCC	Cc_BR
T207SAERGCC	Cc_ERG
T208SAERGCC	Cc_ERG
T209SAERGCC	Cc_BR
T210SAERGCC	Cc_ERG
T212SAERGCC	Cc_BR
T213SAERGCC	Cc_BR
T214SAERGCC	Cc_ERG
T215SAERGCC	Cc_BR
T216SAERGCC	Cc_ERG
T218SAERGCC	Cm
T220SAERGCC	Cc_ERG
T221SAERGCC	Cc_ERG
T222MQLLRCM	Cm
T223SAERGCC	Cc_BR
T224SAERGCC	Cc_ERG
T226RJBCMCC	Cc_BR
T228SEPIRCC	Cc_BR
T229SEPIRCC	Cc_BR
T230SEPIRCC	Cc_BR
T234RJBCMCC	Cc_BR
T235RJBCMCC	Cc_BR
T236SEPIRCC	Cc_BR
T240SEPDMCC	Cc_BR
T241SEPIRCC	Cc_BR
T242SEPIRCC	Cc_BR
T245SEABACC	Cc_BR
T247SEABACC	Cc_BR
T248SEABACC	Cc_BR
T249SEABACC	Cc_BR
T252SEPDMCC	Cc_BR
T253SEPIRCC	Cc_BR
T254SEPIRCC	Cc_BR
