T197SSCERGCC	T197SAERGCC
T198SSCERGCC	T198SAERGCC
T199SSCERGCC	T199SAERGCC
T200SSCERGCC	T200SAERGCC
T201SSCERGCC	T201SAERGCC
T202SSCERGCC	T202SAERGCC
T203SSCERGCC	T203SAERGCC
T205SSCERGCC	T205SAERGCC
T206SSCERGCC	T206SAERGCC
T207SSCERGCC	T207SAERGCC
T208SSCERGCC	T208SAERGCC
T209SSCERGCC	T209SAERGCC
T210SSCERGCC	T210SAERGCC
T212SSCERGCC	T212SAERGCC
T213SSCERGCC	T213SAERGCC
T214SSCERGCC	T214SAERGCC
T215SSCERGCC	T215SAERGCC
T216SSCERGCC	T216SAERGCC
T218SSCERGCC	T218SAERGCC
T220SSCERGCC	T220SAERGCC
T221SSCERGCC	T221SAERGCC
T223SSCERGCC	T223SAERGCC
T224SSCERGCC	T224SAERGCC
