k,run,ll,cv
1,1,-1155072.350038,0.29951
1,2,-1155072.350038,0.29932
1,3,-1155072.350038,0.29975
1,4,-1155072.350038,0.29947
1,5,-1155072.350038,0.29944
1,6,-1155072.350038,0.29938
1,7,-1155072.350038,0.29956
1,8,-1155072.350038,0.29941
1,9,-1155072.350038,0.29900
1,10,-1155072.350038,0.29890
1,11,-1155072.350038,0.29963
1,12,-1155072.350038,0.29914
1,13,-1155072.350038,0.30010
1,14,-1155072.350038,0.29977
1,15,-1155072.350038,0.29949
1,16,-1155072.350038,0.29920
1,17,-1155072.350038,0.29889
1,18,-1155072.350038,0.29939
1,19,-1155072.350038,0.29952
1,20,-1155072.350038,0.29958
2,1,-759218.346695,0.18161
2,2,-759218.345210,0.18161
2,3,-759218.349177,0.18125
2,4,-759218.345328,0.18167
2,5,-759218.344849,0.18214
2,6,-759218.344547,0.18166
2,7,-759218.351292,0.18174
2,8,-759218.360406,0.18226
2,9,-759218.344929,0.18157
2,10,-759218.344562,0.18174
2,11,-759218.348266,0.18142
2,12,-759218.345632,0.18146
2,13,-759218.345315,0.18153
2,14,-759218.351124,0.18133
2,15,-759218.350527,0.18179
2,16,-759218.345272,0.18201
2,17,-759218.349359,0.18170
2,18,-759218.345078,0.18190
2,19,-759218.348339,0.18215
2,20,-759218.359170,0.18198
3,1,-718670.526142,0.17330
3,2,-648041.654964,0.14994
3,3,-648041.516899,0.14989
3,4,-633157.966068,0.14537
3,5,-633158.019787,0.14552
3,6,-718224.156626,0.17290
3,7,-648041.356041,0.15033
3,8,-648041.290251,0.14949
3,9,-633157.960214,0.14539
3,10,-633158.004828,0.14573
3,11,-633158.381931,0.14569
3,12,-633158.391098,0.14564
3,13,-633158.093418,0.14550
3,14,-633157.894364,0.14575
3,15,-718242.864605,0.17289
3,16,-648041.423372,0.14983
3,17,-633158.158050,0.14588
3,18,-666434.698518,0.15470
3,19,-648041.536615,0.14979
3,20,-666444.826340,0.15468
4,1,-560253.852126,0.12391
4,2,-625208.706434,0.14587
4,3,-607144.977823,0.14064
4,4,-628717.783506,0.14958
4,5,-592273.911842,0.13626
4,6,-592224.807448,0.13683
4,7,-607144.670086,0.14089
4,8,-560209.099145,0.12433
4,9,-607144.859262,0.14088
4,10,-560253.928403,0.12408
4,11,-592273.574435,0.13657
4,12,-560253.658807,0.12438
4,13,-560211.570974,0.12436
4,14,-560253.925860,0.12480
4,15,-607144.806346,0.14122
4,16,-560253.675350,0.12423
4,17,-628787.790355,0.15122
4,18,-628717.653571,0.15006
4,19,-560219.242092,0.12387
4,20,-560316.306699,0.12409
5,1,-519494.983448,0.11501
5,2,-519325.570937,0.11501
5,3,-519499.215665,0.11466
5,4,-519326.175519,0.11479
5,5,-583062.939875,0.14026
5,6,-519336.600393,0.11483
5,7,-519473.743083,0.11483
5,8,-519325.859374,0.11536
5,9,-551435.315351,0.12777
5,10,-519499.028004,0.11468
5,11,-548766.527342,0.12872
5,12,-548873.511084,0.12866
5,13,-519325.389622,0.11484
5,14,-519473.089262,0.11547
5,15,-519528.859774,0.11481
5,16,-519473.214894,0.11466
5,17,-519499.093906,0.11507
5,18,-519473.920588,0.11478
5,19,-548841.537663,0.12873
5,20,-548845.653314,0.12865
6,1,-574058.737605,0.14130
6,2,-573930.158515,0.14166
6,3,-510710.064748,0.11873
6,4,-575728.616606,0.14204
6,5,-510251.079196,0.11831
6,6,-511488.667675,0.11710
6,7,-510269.969336,0.11868
6,8,-511484.501793,0.11693
6,9,-511174.041205,0.11683
6,10,-510323.253025,0.11872
6,11,-510096.628889,0.11845
6,12,-510281.901212,0.11867
6,13,-511416.539967,0.11705
6,14,-510396.497617,0.11857
6,15,-510269.842299,0.11878
6,16,-510317.660641,0.11711
6,17,-510269.916798,0.11898
6,18,-510610.382558,0.11829
6,19,-512436.553566,0.11526
6,20,-511430.914710,0.11685
7,1,-504498.892886,0.12320
7,2,-502808.685007,0.12041
7,3,-501220.056652,0.11946
7,4,-502427.070923,0.11916
7,5,-502674.100385,0.11986
7,6,-501961.492913,0.12197
7,7,-503723.552553,0.11742
7,8,-502698.908407,0.12040
7,9,-502685.775766,0.12067
7,10,-503516.790960,0.12089
7,11,-503020.205066,0.11951
7,12,-504778.946515,0.12198
7,13,-505098.803677,0.12186
7,14,-502513.119577,0.12745
7,15,-504633.960795,0.12060
7,16,-504550.952335,0.12180
7,17,-503487.679463,0.12057
7,18,-504935.897858,0.12368
7,19,-503587.863442,0.12007
7,20,-504837.078549,0.11959
8,1,-497654.199230,0.12319
8,2,-495845.999924,0.12225
8,3,-498564.964558,0.12259
8,4,-497593.149369,0.12404
8,5,-495053.873361,0.12396
8,6,-496218.985755,0.12266
8,7,-495505.716425,0.12674
8,8,-497501.651098,0.12106
8,9,-497734.718180,0.12189
8,10,-494508.289830,0.12352
8,11,-494659.168597,0.12375
8,12,-496560.771181,0.12085
8,13,-498873.086478,0.12183
8,14,-496281.366629,0.12447
8,15,-494544.805586,0.12329
8,16,-497413.419030,0.12436
8,17,-563432.430761,0.14768
8,18,-494722.640107,0.12352
8,19,-496438.923124,0.12201
8,20,-497615.602147,0.12364
9,1,-489857.516875,0.12710
9,2,-490103.527824,0.12559
9,3,-489553.294039,0.12558
9,4,-488673.904978,0.12413
9,5,-491183.335982,0.12612
9,6,-489416.392687,0.12669
9,7,-494826.564983,0.12087
9,8,-491497.211229,0.12795
9,9,-490535.317270,0.12482
9,10,-489190.354733,0.12745
9,11,-489256.546531,0.12451
9,12,-489915.411972,0.12605
9,13,-492760.670392,0.12675
9,14,-490245.648167,0.12522
9,15,-489171.039344,0.12417
9,16,-491007.422017,0.12599
9,17,-489106.005563,0.12499
9,18,-490177.310997,0.12589
9,19,-491441.123710,0.12772
9,20,-489022.690304,0.12658
10,1,-481090.872766,0.12852
10,2,-484598.911534,0.12745
10,3,-484080.485452,0.12871
10,4,-484014.443916,0.12858
10,5,-488380.538195,0.12907
10,6,-481130.044177,0.12858
10,7,-486232.410127,0.12970
10,8,-488280.942932,0.12542
10,9,-484362.930194,0.12699
10,10,-481320.535986,0.12963
10,11,-484408.167701,0.12917
10,12,-484231.775294,0.12928
10,13,-484730.890709,0.12997
10,14,-485012.223958,0.12998
10,15,-481611.240857,0.13222
10,16,-485331.040149,0.13055
10,17,-483769.682143,0.12701
10,18,-483066.504260,0.13177
10,19,-485757.833511,0.13111
10,20,-483365.658338,0.12953
