id,pop,hybrid.index,heterozygosity,perc.missing
T010ESCMBCC,Cc,0,0,0
T014BAPDFCC,Cc,0,0,0
T018ESCMBCC,Cc,0,0,0
T021ESPOVCC,Cc,0,0,0
T022ESPOVCC,Cc,0,0,0
T023ESCMBCC,Cc,0,0,0
T025ESPOVCC,Cc,0,0,0
T029ESPOVCC,Cc,0,0,0
T031BASANCC,Cc,0,0,0
T036SEPIRLO,Lo,1,0,0
T047BAPDFCC,Cc,0,0,0
T049BASANCC,Cc,0,0,0
T050BASANCC,Cc,0,0,0
T052ESCMBCC,Cc,0,0,0
T063BASANCC,Cc,0,0,0
T072BAPDFCC,Cc,0,0,0
T078BAPDFCC,Cc,0,0,0
T081SEPIRLO,Lo,1,0,0
T082BAPDFCC,Cc,0,0,0
T083BAPDFCC,Cc,0,0,0
T086BAPDFCC,Cc,0,0,0
T089BAPDFCC,Cc,0,0,0
T095BAPDFCC,Cc,0,0,0
T102BAABRNA,Cc,0,0,0
T103BAABRNA,Cc,0,0,0
T104BAABRNA,Cc,0,0,0
T105BAABRNA,Cc,0,0,0
T106BAABRNA,Cc,0,0,0
T107BAABRNA,Cc,0,0,0
T111BAABRNA,Cc,0,0,0
T112BAABRNA,Cc,0,0,0
T117BAPDFNA,Hybrid,0.2574762946754194,0.5071723802577194,0
T118BAPDFNA,Hybrid,0.18684658400194507,0.36542669584245074,0
T119BAPDFNA,Hybrid,0.22647702407002188,0.44809141745684417,0
T120BAPDFNA,Hybrid,0.2963773401410163,0.5820568927789934,0
T121BAPDFNA,Hybrid,0.20933625091174327,0.4113785557986871,0
T130GFCAYLO,Lo,1,0,0
T131GFCAYLO,Lo,1,0,0
T132GFCAYLO,Lo,1,0,0
T134GFCAYLO,Lo,1,0,0
T198SAERGCC,Cc,0,0,0
T206SAERGCC,Cc,0,0,0
T209SAERGCC,Cc,0,0,0
T212SAERGCC,Cc,0,0,0
T213SAERGCC,Cc,0,0,0
T215SAERGCC,Cc,0,0,0
T223SAERGCC,Cc,0,0,0
T225SPUBTCC,Hybrid,0.47811816192560175,0.9508874300996839,0
T226RJBCMCC,Cc,0,0,0
T228SEPIRCC,Cc,0,0,0
T229SEPIRCC,Cc,0,0,0
T230SEPIRCC,Cc,0,0,0
T231SEPIRCC,Hybrid,0.47957695113056165,0.9538050085096037,0
T232SEPIRAD,Hybrid,0.47191830780452226,0.9316800389010454,0
T234RJBCMCC,Cc,0,0,0
T235RJBCMCC,Cc,0,0,0
T236SEPIRCC,Cc,0,0,0
T237SEPIRCC,Hybrid,0.4709457816678823,0.9268174082178459,0
T240SEPDMCC,Cc,0,0,0
T241SEPIRCC,Cc,0,0,0
T242SEPIRCC,Cc,0,0,0
T243SEPIRAD,Hybrid,0.46936542669584247,0.912472647702407,0
T244SEPIRAD,Hybrid,0.46365183564308293,0.9063943593484075,0
T245SEABACC,Cc,0,0,0
T247SEABACC,Cc,0,0,0
T248SEABACC,Cc,0,0,0
T249SEABACC,Cc,0,0,0
T251SEPDMAD,Hybrid,0.47787503039144175,0.8930221249696085,0
T252SEPDMCC,Cc,0,0,0
T253SEPIRCC,Cc,0,0,0
T254SEPIRCC,Cc,0,0,0
