T001RNPIPEI	Ei
T007RNPIPEI	Ei
T008RNPIPEI	Ei
T027RNPIPEI	Ei
T035RNPIPEI	Ei
T036SEPIRLO	Lo
T040RNPIPEI	Ei
T046RNPIPEI	Ei
T048RNPIPEI	Ei
T055RNPIPEI	Ei
T062BASANEI	Ei
T068BASANEI	Ei
T081SEPIRLO	Lo
T097BAPDFEI	Ei
T114BAABRNA	Ei
T115BAABRNA	Ei
T116BAABRNA	Ei
T130GFCAYLO	Lo
T131GFCAYLO	Lo
T132GFCAYLO	Lo
T134GFCAYLO	Lo
T139RNADREI	Ei
T140RNADREI	Ei
T142RNADREI	Ei
T143RNADREI	Ei
T144RNADREI	Ei
T145RNADREI	Ei
T146RNADREI	Ei
T147RNADREI	Ei
T149BAPDFEI	Ei
T153RNADREI	Ei
T154RNADREI	Ei
T159BAABPEI	Hybrid
T163PEFDNEI	Ei
T164PEFDNEI	Ei
T165PEFDNEI	Ei
T167SEPIREI	Ei
T170RNNATEI	Ei
T172RJCMPEI	Ei
T174BAABPEI	Ei
T176BAABPEI	Hybrid
T187BAABPEI	Ei
T188RNADREI	Ei
T189RNADREI	Ei
T191RNADREI	Ei
