comparison,model,likelihood,nu1,nu2,T1,T2,m,m12,m21,theta,GIM_LRT_p,converged
Cc x Cm,asym_mig,-5101.990724957316,0.013209807174145835,0.033039330201270596,0.558512513791229,NA,NA,0.6637834201733223,4.221259335710748,127581.51726433705,0.0001,TRUE
Cc x Cm,no_mig,-14738.728967790265,0.04160999801718457,0.10939074512934717,0.12150714816406877,NA,NA,NA,NA,31045.06473774056,NA,TRUE
Cc x Cm,sec_contact_asym_mig,-3051.4421868385266,0.48637826482963026,1.6173080304768972,9.841322668472108,0.32887915033634196,NA,0.022356243206084387,0.25341586394021315,3704.9997803277593,0.4142,TRUE
Cc x Cm,sec_contact_sym_mig,-7180.756363054541,0.02141239259336775,0.12323382533992525,7.505448719794881,3.4917665515799743,0.8498711984667406,NA,NA,48929.242691105515,0.4643,TRUE
Cc x Cm,split_mig,-7189.623045591986,0.0036230853268142396,0.02079464191177273,6.3298352933928905,NA,4.921418850011818,NA,NA,298705.0566152132,0.0046,TRUE
Cc x Ei,asym_mig,-7413.859312701088,0.018091501097142068,0.025692228418490167,0.5370297022098617,NA,NA,1.8834873311069855,4.271773230784299,88441.81734933135,0.0002,TRUE
Cc x Ei,no_mig,-25984.974604493298,0.06362265441682124,0.10281134829319716,0.10765686985316388,NA,NA,NA,NA,17401.73859669364,NA,TRUE
Cc x Ei,sec_contact_asym_mig,-5041.685506215618,0.5542156567794759,0.8229837240660759,5.58013798186647,0.16848100061853238,NA,0.09141368185662829,0.2915286474303269,3484.61533334552,1.0000,TRUE
Cc x Ei,sec_contact_sym_mig,-6313.415785062739,0.5424513937368957,1.4207362699194965,8.64300549415505,0.39281707385764963,0.11307799551156687,NA,NA,2402.778641390292,1.0000,TRUE
Cc x Ei,split_mig,-7901.534366078163,0.008852271305897842,0.019161750213518434,0.4204486421333237,NA,4.934915519344215,NA,NA,141159.91960487657,0.0065,TRUE
Cc x Lo,asym_mig,-3005.668283319383,0.04977916829879383,0.015163421967053647,0.31825026946594354,NA,NA,0.40598984926653103,5.0,39138.74970270302,0.0006,TRUE
Cc x Lo,no_mig,-9104.970152806443,0.09592375395971016,0.09411130488927763,0.17456118470415347,NA,NA,NA,NA,13906.021662588113,NA,TRUE
Cc x Lo,sec_contact_asym_mig,-2128.919979375749,1.0870120683080224,0.021938091631720957,8.92359195450946,0.03852801765893932,NA,0.06411405383284859,4.833071991823492,2093.4847088822266,0.4093,FALSE
Cc x Lo,sec_contact_sym_mig,-5228.55902447421,0.030716796490110613,0.0326833935418551,2.833826601878936,6.395362407261383,1.4331188093438854,NA,NA,44528.1644239506,NA,TRUE
Cc x Lo,split_mig,-5228.557998143631,0.012169842020134504,0.012955056570255538,9.907517934995282,NA,3.6166514682503794,NA,NA,112370.50820565243,0.0157,TRUE
Cm x Lo,asym_mig,-3769.0599794616774,0.034577089821940576,0.007532121923354052,0.4149616651486738,NA,NA,3.5655102244958288,2.814983891313518,123126.71171010002,0.0539,TRUE
Cm x Lo,no_mig,-8915.200702010665,0.05764917564896768,0.02256425101521297,0.06264161774769793,NA,NA,NA,NA,31255.957767887634,NA,TRUE
Cm x Lo,sec_contact_asym_mig,-2247.117885748351,1.6568434509969412,0.23346411675726214,9.481075284560617,0.42497150903879854,NA,0.1837504002635719,0.10910165103948774,3631.8535003489555,0.4160,TRUE
Cm x Lo,sec_contact_sym_mig,-2330.005521701696,0.3466218523608218,0.03422345219282941,1.3045606800998333,0.09703920134961312,0.7994778690608504,NA,NA,16957.398411023743,1.0000,FALSE
Cm x Lo,split_mig,-3785.556323757719,0.024151624461351003,0.004595462617916407,0.3140181769974408,NA,4.964872096107777,NA,NA,179421.76156649608,0.0025,TRUE
Ei x Cm,asym_mig,-6611.921343621596,0.017293303561589424,0.02607819926055421,0.675548820955021,NA,NA,1.226093562614219,4.988827415404709,179020.2618679949,0.0004,TRUE
Ei x Cm,no_mig,-15690.491695878773,0.07540647853862731,0.1389122223177774,0.16198836019047075,NA,NA,NA,NA,30449.946109480657,NA,TRUE
Ei x Cm,sec_contact_asym_mig,-4687.769267586059,0.7403748580589119,1.3591404737954165,7.8072423105480855,0.3237899107844278,NA,0.04092845631682284,0.24987285807484974,4578.074654010532,0.4250,TRUE
Ei x Cm,sec_contact_sym_mig,-8145.946674648291,0.00730163858986897,0.020544417053272375,2.352475822638475,9.903535698850176,4.893334249930678,NA,NA,299015.77145829605,1.0000,TRUE
Ei x Cm,split_mig,-8145.945105325058,0.014981941042967292,0.04215165762944129,4.408889449543639,NA,2.3856298048552964,NA,NA,145755.15480780063,0.0078,TRUE
Ei x Lo,asym_mig,-3964.6986615187743,0.04232690641538334,0.010965294471063277,0.4684379935365287,NA,NA,1.3822891561608055,4.99598289282989,75680.61999499702,0.0038,TRUE
Ei x Lo,no_mig,-10674.032466404342,0.13599120904480588,0.08137551192129,0.1702393048142529,NA,NA,NA,NA,16785.42950313209,NA,TRUE
Ei x Lo,sec_contact_asym_mig,-3111.1459136799836,1.6638386949587816,0.257653973734579,9.942799015503786,0.5689073603232744,NA,0.05686456007444811,0.2562712385788591,2187.401435794201,0.4311,TRUE
Ei x Lo,sec_contact_sym_mig,-3774.4821693858657,1.7104292999206474,0.7683923173040678,9.988177407195746,0.6663840938386882,0.0647676415381805,NA,NA,1996.3992686310883,0.0000,TRUE
Ei x Lo,split_mig,-4481.880883434692,0.42507769528511485,0.21507964226499982,5.14470923331618,NA,0.1701516991996171,NA,NA,7022.96597842287,0.0107,TRUE