T010ESCMBCC	Cc
T014BAPDFCC	Cc
T018ESCMBCC	Cc
T021ESPOVCC	Cc
T022ESPOVCC	Cc
T023ESCMBCC	Cc
T025ESPOVCC	Cc
T029ESPOVCC	Cc
T031BASANCC	Cc
T036SEPIRLO	Lo
T047BAPDFCC	Cc
T049BASANCC	Cc
T050BASANCC	Cc
T052ESCMBCC	Cc
T063BASANCC	Cc
T072BAPDFCC	Cc
T078BAPDFCC	Cc
T081SEPIRLO	Lo
T082BAPDFCC	Cc
T083BAPDFCC	Cc
T086BAPDFCC	Cc
T089BAPDFCC	Cc
T095BAPDFCC	Cc
T102BAABRNA	Cc
T103BAABRNA	Cc
T104BAABRNA	Cc
T105BAABRNA	Cc
T106BAABRNA	Cc
T107BAABRNA	Cc
T111BAABRNA	Cc
T112BAABRNA	Cc
T130GFCAYLO	Lo
T131GFCAYLO	Lo
T132GFCAYLO	Lo
T134GFCAYLO	Lo
T198SAERGCC	Cc
T206SAERGCC	Cc
T209SAERGCC	Cc
T212SAERGCC	Cc
T213SAERGCC	Cc
T215SAERGCC	Cc
T223SAERGCC	Cc
T226RJBCMCC	Cc
T228SEPIRCC	Cc
T229SEPIRCC	Cc
T230SEPIRCC	Cc
T234RJBCMCC	Cc
T235RJBCMCC	Cc
T236SEPIRCC	Cc
T240SEPDMCC	Cc
T241SEPIRCC	Cc
T242SEPIRCC	Cc
T245SEABACC	Cc
T247SEABACC	Cc
T248SEABACC	Cc
T249SEABACC	Cc
T252SEPDMCC	Cc
T253SEPIRCC	Cc
T254SEPIRCC	Cc
