comparison,model,param,value,lower,upper
Cc x Cm,split_mig,nref,7057506.690423552,6692494,7422519
Cc x Cm,split_mig,nu1,25569.95,25566.2,25573.7
Cc x Cm,split_mig,nu2,146758.3,140155.2,153361.5
Cc x Cm,split_mig,m,3.486655e-07,3.340814e-07,3.632497e-07
Cc x Cm,split_mig,T,89345710,89251098,89440322
Cc x Cm,asym_mig,nref,3014369.4983621794,2855629,3173110
Cc x Cm,asym_mig,nu1,39819.24,39616.62,40021.86
Cc x Cm,asym_mig,nu2,99592.75,95380.42,103805.1
Cc x Cm,asym_mig,m,1.101032e-07,1.033915e-07,1.168149e-07
Cc x Cm,asym_mig,m,7.001894e-07,6.723678e-07,7.280111e-07
Cc x Cm,asym_mig,T,3367126,3307703,3426549
Cc x Ei,split_mig,nref,3335186.5158225386,3134170,3536203
Cc x Ei,split_mig,nu1,29523.975893833252,29198.31,29849.64
Cc x Ei,split_mig,nu2,63908.010931686316,61677.19,66138.84
Cc x Ei,split_mig,T,2804549.2836779146,2744039,2865060
Cc x Ei,split_mig,m,7.398260181150834e-7,7.141748e-07,7.654772e-07
Cc x Ei,asym_mig,nref,2089615.5047692421,1966314,2212917
Cc x Ei,asym_mig,nu1,37804.2811971378,37195.23,38413.33
Cc x Ei,asym_mig,nu2,53686.87885534998,51551.52,55822.24
Cc x Ei,asym_mig,m,4.506779660679682e-7,4.304313e-07,4.709246e-07
Cc x Ei,asym_mig,m,1.0221433610715944e-6,9.740116e-07,1.070275e-06
Cc x Ei,asym_mig,T,2244371.1845186716,2154415,2334328
Cc x Lo,split_mig,nref,2654978.869304136,2533760,2776197
Cc x Lo,split_mig,nu1,32310.67,31971.5,32649.85
Cc x Lo,split_mig,nu2,34395.4,33113.99,35676.81
Cc x Lo,split_mig,T,52608502,52444330,52772673
Cc x Lo,split_mig,m,6.811074e-07,6.554089e-07,7.068059e-07
Cc x Lo,asym_mig,nref,924731.5429194887,722664.3,1126799
Cc x Lo,asym_mig,nu1,46032.37,35822.82,56241.91
Cc x Lo,asym_mig,nu2,14022.09,10116.33,17927.86
Cc x Lo,asym_mig,m,2.195177e-07,1.706557e-07,2.683796e-07
Cc x Lo,asym_mig,m,2.703487e-06,1.858949e-06,3.548026e-06
Cc x Lo,asym_mig,T,588592.1,494831.8,682352.4
Cm x Lo,split_mig,nref,4239199.352739158,3935000,4543399
Cm x Lo,split_mig,nu1,102383.6,97534.03,107233.1
Cm x Lo,split_mig,nu2,19481.08,19076.82,19885.35
Cm x Lo,split_mig,T,2662371,2541430,2783313
Cm x Lo,split_mig,m,5.855908e-07,5.591519e-07,6.120297e-07
Cm x Lo,asym_mig,nref,2909115.772965545,2666310,3151922
Cm x Lo,asym_mig,nu1,100588.75738425371,92749.46,108428.1
Cm x Lo,asym_mig,nu2,21911.814691128842,21479.26,22344.37
Cm x Lo,asym_mig,m,6.128168321161652e-7,5.583282e-07,6.673055e-07
Cm x Lo,asym_mig,m,4.838212211203837e-7,4.600183e-07,5.076242e-07
Cm x Lo,asym_mig,T,2414343.0505201076,2289313,2539373
Ei x Cm,split_mig,nref,3443758.1736183534,3316959,3570558
Ei x Cm,split_mig,nu1,51594.18,51316.07,51872.29
Ei x Cm,split_mig,nu2,145160.1,140978.2,149342
Ei x Cm,split_mig,T,30366298,30309305,30423291
Ei x Cm,split_mig,m,3.463701e-07,3.370054e-07,3.557348e-07
Ei x Cm,asym_mig,nref,4229713.116247268,4021248,4438179
Ei x Cm,asym_mig,nu1,73145.71289770037,70912.73,75378.7
Ei x Cm,asym_mig,nu2,110303.30146047595,106227.7,114378.9
Ei x Cm,asym_mig,m,1.4493814697556215e-7,1.382765e-07,1.515998e-07
Ei x Cm,asym_mig,m,5.897359085940739e-7,5.68154e-07,6.113178e-07
Ei x Cm,asym_mig,T,5714755.41731766,5393639,6035871
Ei x Lo,split_mig,nref,165931.67166629087,156951.6,174911.8
Ei x Lo,split_mig,nu1,70533.85,66402.88,74664.82
Ei x Lo,split_mig,nu2,35688.52,33931.52,37445.53
Ei x Lo,split_mig,T,1707340,1657955,1756726
Ei x Lo,split_mig,m,5.127162e-07,4.767292e-07,5.487032e-07
Ei x Lo,asym_mig,nref,1788106.5958589837,1666910,1909303
Ei x Lo,asym_mig,nu1,75685.02,70606.29,80763.75
Ei x Lo,asym_mig,nu2,19607.12,19093.29,20120.94
Ei x Lo,asym_mig,m,3.865231e-07,3.571415e-07,4.159048e-07
Ei x Lo,asym_mig,m,1.397004e-06,1.342543e-06,1.451464e-06
Ei x Lo,asym_mig,T,1675234,1583300,1767168
