comparison,model,likelihood,nu1,nu2,T1,T2,m,m12,m21,theta,GIM_LRT_p,converged,nref,real_nu1,real_nu2,real_m,real_m12,real_m21,real_t1,real_t2,tsplit
Cc x Cm,asym_mig,-5101.990724957316,0.01320980717414583,0.03303933020127059,0.558512513791229,NA,NA,0.6637834201733223,4.221259335710748,127581.51726433705,1e-4,TRUE,3014369.4983621794,39819.239824991084,99592.74920502643,NA,1.1010319413960047e-7,7.001894323181543e-7,3367126.172051734,NA,NA
Cc x Cm,no_mig,-14738.728967790265,0.04160999801718457,0.10939074512934716,0.12150714816406875,NA,NA,NA,NA,31045.06473774056,NA,TRUE,733501.985450076,30521.01616017861,80238.32874223938,NA,NA,NA,178251.468849442,NA,NA
Cc x Cm,sec_contact_asym_mig,-3051.4421868385266,0.48637826482963026,1.6173080304768972,9.841322668472108,0.32887915033634196,NA,0.02235624320608438,0.25341586394021315,3704.9997803277593,0.4142,TRUE,87538.05855842755,42576.60902820256,141576.00507890177,NA,1.2769441985717923e-7,1.4474610707242834e-6,1722980.5600901837,57578.884641577206,1780559.444731761
Cc x Cm,sec_contact_sym_mig,-7180.756363054541,0.02141239259336775,0.12323382533992525,7.505448719794881,3.4917665515799743,0.8498711984667406,NA,NA,48929.242691105515,0.4643,TRUE,1156051.5967249535,24753.830647264356,142464.66055474462,3.67574942534741e-7,NA,NA,17353371.95331226,8073324.594689628,25426696.548001885
Cc x Cm,split_mig,-7189.623045591986,0.00362308532681423,0.02079464191177273,6.3298352933928905,NA,4.921418850011818,NA,NA,298705.0566152132,0.0046,TRUE,7057506.690423552,25569.94893396683,146758.32441729805,3.486655461970566e-7,NA,NA,89345709.8647989,NA,NA
Cc x Ei,asym_mig,-7413.859312701088,0.01809150109714206,0.02569222841849016,0.5370297022098617,NA,NA,1.8834873311069855,4.271773230784299,88441.81734933135,2e-4,TRUE,2089615.5047692421,37804.2811971378,53686.87885534998,NA,4.506779660679682e-7,1.0221433610715944e-6,2244371.1845186716,NA,NA
Cc x Ei,no_mig,-25984.974604493294,0.06362265441682124,0.10281134829319716,0.10765686985316388,NA,NA,NA,NA,17401.73859669364,NA,TRUE,411151.0128513579,26158.518803767976,42270.98998336174,NA,NA,NA,88526.4621610703,NA,NA
Cc x Ei,sec_contact_asym_mig,-5041.685506215618,0.5542156567794759,0.8229837240660759,5.58013798186647,0.16848100061853238,NA,0.09141368185662828,0.2915286474303269,3484.61533334552,1,TRUE,82331.03351952424,45629.14781535617,67757.10057210698,NA,5.551593241869736e-7,1.7704663415964097e-6,918837.0544572372,27742.429818654746,946579.484275892
Cc x Ei,sec_contact_sym_mig,-6313.415785062739,0.5424513937368957,1.4207362699194963,8.64300549415505,0.3928170738576496,0.11307799551156689,NA,NA,2402.778641390292,1,TRUE,56770.469604280326,30795.220359939933,80655.86522716338,9.959226715912276e-7,NA,NA,981334.9613911143,44600.819502956074,1025935.7808940704
Cc x Ei,split_mig,-7901.534366078163,0.00885227130589784,0.01916175021351843,0.4204486421333237,NA,4.934915519344215,NA,NA,141159.91960487657,0.0065,TRUE,3335186.5158225386,29523.975893833252,63908.010931686316,7.398260181150834e-7,NA,NA,2804549.2836779146,NA,NA
Cc x Lo,asym_mig,-3005.668283319383,0.04977916829879383,0.01516342196705364,0.31825026946594354,NA,NA,0.40598984926653103,5,39138.74970270302,6e-4,TRUE,924731.5429194887,46032.36710619252,14022.094591532781,NA,2.1951768184784324e-7,2.7034873192572184e-6,588592.12543557,NA,NA
Cc x Lo,no_mig,-9104.970152806443,0.09592375395971016,0.09411130488927764,0.1745611847041535,NA,NA,NA,NA,13906.021662588111,NA,TRUE,328557.681724535,31516.486223317057,30920.99215849196,NA,NA,NA,114706.83633097007,NA,NA
Cc x Lo,sec_contact_asym_mig,-2128.919979375749,1.0870120683080224,0.02193809163172095,8.92359195450946,0.03852801765893932,NA,0.06411405383284859,4.833071991823492,2093.484708882226,0.4093,FALSE,49462.779460972895,53766.63820613572,1085.1189881744283,NA,6.481040343015482e-7,4.885564503746581e-5,882771.321691227,3811.4056810651696,886582.7273722922
Cc x Lo,sec_contact_sym_mig,-5228.55902447421,0.03071679649011061,0.0326833935418551,2.833826601878936,6.395362407261383,1.4331188093438854,NA,NA,44528.1644239506,NA,TRUE,1052067.2863571001,32316.136728933965,34385.12915252067,6.81096555290783e-7,NA,NA,5962752.526090669,13456703.146155389,19419455.672246058
Cc x Lo,split_mig,-5228.557998143631,0.0121698420201345,0.01295505657025553,9.907517934995282,NA,3.6166514682503794,NA,NA,112370.50820565244,0.0157,TRUE,2654978.869304136,32310.673406226655,34395.40144466815,6.811073922404316e-7,NA,NA,52608501.52932844,NA,NA
Cm x Lo,asym_mig,-3769.059979461678,0.03457708982194057,0.00753212192335405,0.4149616651486738,NA,NA,3.5655102244958288,2.814983891313518,123126.71171010002,0.053900000000000003,TRUE,2909115.772965545,100588.75738425371,21911.814691128842,NA,6.128168321161652e-7,4.838212211203837e-7,2414343.0505201076,NA,NA
Cm x Lo,no_mig,-8915.200702010665,0.05764917564896768,0.02256425101521297,0.06264161774769793,NA,NA,NA,NA,31255.95776788763,NA,TRUE,738484.7567097672,42573.03745364653,16663.355421307668,NA,NA,NA,92519.75968462987,NA,NA
Cm x Lo,sec_contact_asym_mig,-2247.117885748351,1.6568434509969412,0.23346411675726217,9.481075284560616,0.42497150903879854,NA,0.1837504002635719,0.10910165103948774,3631.853500348955,0.416,TRUE,85809.83083379615,142173.45624813053,20033.5163647023,NA,1.0706838510116367e-6,6.357176676574808e-7,1627138.9325812643,72933.46659960476,1700072.399180869
Cm x Lo,sec_contact_sym_mig,-2330.005521701696,0.3466218523608218,0.03422345219282941,1.3045606800998333,0.09703920134961312,0.7994778690608504,NA,NA,16957.398411023743,1,FALSE,400652.5838367162,138874.94076263203,13711.714548869433,9.977195971194251e-7,NA,NA,1045351.2145075639,77758.0135083477,1123109.2280159115
Cm x Lo,split_mig,-3785.556323757719,0.024151624461351,0.0045954626179164,0.3140181769974408,NA,4.964872096107777,NA,NA,179421.76156649608,0.0025,TRUE,4239199.352739158,102383.55078415837,19481.0821554082,5.855907782326544e-7,NA,NA,2662371.3053517626,NA,NA
Ei x Cm,asym_mig,-6611.921343621596,0.01729330356158942,0.02607819926055421,0.675548820955021,NA,NA,1.226093562614219,4.988827415404709,179020.2618679949,4e-4,TRUE,4229713.116247268,73145.71289770037,110303.30146047595,NA,1.4493814697556215e-7,5.897359085940739e-7,5714755.41731766,NA,NA
Ei x Cm,no_mig,-15690.491695878773,0.07540647853862731,0.1389122223177774,0.16198836019047075,NA,NA,NA,NA,30449.946109480657,NA,TRUE,719441.1130024082,54250.52084742224,99939.16383393973,NA,NA,NA,233082.17229773453,NA,NA
Ei x Cm,sec_contact_asym_mig,-4687.769267586059,0.7403748580589119,1.3591404737954165,7.807242310548085,0.3237899107844278,NA,0.04092845631682284,0.24987285807484977,4578.074654010532,0.425,TRUE,108166.20537347898,80083.53895016061,147013.06761996253,NA,1.891924385047254e-7,1.15504124976966e-6,1688959.5503265173,70046.25197553771,1759005.802302055
Ei x Cm,sec_contact_sym_mig,-8145.946674648291,0.00730163858986897,0.02054441705327237,2.352475822638475,9.903535698850176,4.893334249930678,NA,NA,299015.77145829605,1,TRUE,7064847.952432035,51584.96644103452,145143.1827527211,3.463156095416162e-7,NA,NA,33239767.997426596,139933947.80771846,173173715.80514506
Ei x Cm,split_mig,-8145.945105325058,0.01498194104296729,0.04215165762944129,4.408889449543639,NA,2.3856298048552964,NA,NA,145755.15480780063,0.0078,TRUE,3443758.1736183534,51594.18192338688,145160.1154929509,3.4637011145714646e-7,NA,NA,30366298.15689126,NA,NA
Ei x Lo,asym_mig,-3964.6986615187743,0.04232690641538334,0.01096529447106327,0.4684379935365287,NA,NA,1.3822891561608055,4.99598289282989,75680.61999499702,0.0038,TRUE,1788106.5958589837,75685.02054365289,19607.11536924428,NA,3.8652314111530115e-7,1.397003653026033e-6,1675234.13198723,NA,NA
Ei x Lo,no_mig,-10674.032466404342,0.13599120904480588,0.08137551192129,0.1702393048142529,NA,NA,NA,NA,16785.42950313209,NA,TRUE,396589.47311558237,53932.68194343059,32272.671397375194,NA,NA,NA,135030.23239969517,NA,NA
Ei x Lo,sec_contact_asym_mig,-3111.1459136799836,1.6638386949587816,0.257653973734579,9.942799015503786,0.5689073603232744,NA,0.05686456007444811,0.2562712385788591,2187.401435794201,0.4311,TRUE,51681.7506964608,85990.09663198443,13316.008436502969,NA,5.501415810043586e-7,2.479320409287226e-6,1027722.519888565,58804.25673121812,1086526.7766197831
Ei x Lo,sec_contact_sym_mig,-3774.4821693858657,1.7104292999206474,0.7683923173040678,9.988177407195746,0.6663840938386882,0.0647676415381805,NA,NA,1996.3992686310885,0,TRUE,47168.94101083323,80679.13875115779,36244.25188809302,6.86549667537643e-7,NA,NA,942263.5018515066,62865.26402566928,1005128.765877176
Ei x Lo,split_mig,-4481.880883434692,0.42507769528511485,0.21507964226499984,5.14470923331618,NA,0.1701516991996171,NA,NA,7022.96597842287,0.0107,TRUE,165931.67166629087,70533.85256671332,35688.52458241925,5.127161604862669e-7,NA,NA,1707340.406642311,NA,NA
