key,sample,new_id,location,location_code,state,state_code,location_macro,location_macro_code,beach_or_area,area_type,capture_latitude,capture_longitude,imputed_latitude,imputed_longitude,status,age_class,sex,morphological_id,previous_molecular_id,crossing,crossing_class,mtDNA,molecular_ref,carapace_length_metres,carapace_width_metres,weight_kg,collection_date,library,source,obs,method,rg_id,rg_pl,rg_pm
0,8,T000PEFDNCM,Fernando de Noronha,FDN,Pernambuco,PE,Brazil,BR,Leão,feeding,,,-3.85375,-32.419802,,,F,cm,cm,cm,pure,,vilaca_2022,1.06,1.025,,2005-09-01T00:00:00-02:00,default,vilaca_2022,,ddRAD,NB500882.24.HVM3VBGXX.1,ILLUMINA,NextSeq 500
1,15,T001RNPIPEI,Pipa,PIP,Rio Grande do Norte,RN,Brazil,BR,Chapadão,nesting,,,-6.225044,-35.063981,,,F,ei,ei,ei,pure,ei,vilaca_2022,,,,2012-11-27T22:00:00-03:00,default,vilaca_2022,,ddRAD,NB500882.22.HHGJKBGXX.1,ILLUMINA,NextSeq 500
2,49,T002PEFDNCM,Fernando de Noronha,FDN,Pernambuco,PE,Brazil,BR,Leão,feeding,,,-3.85375,-32.419802,,,F,cm,cm,cm,pure,,vilaca_2022,1.15,1.04,,2006-03-03T00:00:00-02:00,default,vilaca_2022,,ddRAD,NB500882.24.HVM3VBGXX.1,ILLUMINA,NextSeq 500
3,66,T003PEFDNCM,Fernando de Noronha,FDN,Pernambuco,PE,Brazil,BR,Leão,feeding,,,-3.85375,-32.419802,,,F,cm,cm,cm,pure,,vilaca_2022,1.2,1.12,,2006-03-11T00:00:00-02:00,default,vilaca_2022,,ddRAD,NB500882.24.HVM3VBGXX.1,ILLUMINA,NextSeq 500
4,96,T004PEFDNCM,Fernando de Noronha,FDN,Pernambuco,PE,Brazil,BR,Bode,feeding,,,-3.85375,-32.419802,,,F,cm,cm,cm,pure,,vilaca_2022,1.02,0.94,,2006-03-30T00:00:00-02:00,default,vilaca_2022,,ddRAD,M01271.64.000000000-AHV8V.1,ILLUMINA,NextSeq 500
5,112,T005ESGURCC,Guriri,GUR,Espírito Santo,ES,Brazil,BR,Barra Nova,nesting,,,-18.733565,-39.746823,,,,cc,,,,,,1.03,0.93,,2004-11-26T01:41:00-03:00,default,arantes_unpublished,,ddRAD,NB500882.22.HHGJKBGXX.1,ILLUMINA,NextSeq 500
6,122,T006SEPIRLO,Pirambu,PIR,Sergipe,SE,Brazil,BR,Pirambu,nesting,,,-10.740856,-36.859125,,,F,lo,,,,,,0.71,0.705,42.2,2005-05-10T00:00:00-03:00,default,arantes_unpublished,,ddRAD,NB500882.24.HVM3VBGXX.1,ILLUMINA,NextSeq 500
7,135,T007RNPIPEI,Pipa,PIP,Rio Grande do Norte,RN,Brazil,BR,Praia das Minas,nesting,,,-6.225044,-35.063981,,,F,ei,ei,ei,pure,ei,vilaca_2022,,,,2013-01-10T22:05:00-03:00,default,vilaca_2022,,ddRAD,NB500882.22.HHGJKBGXX.1,ILLUMINA,NextSeq 500
8,137,T008RNPIPEI,Pipa,PIP,Rio Grande do Norte,RN,Brazil,BR,Praia das Minas,nesting,,,-6.225044,-35.063981,,,F,ei,ei,ei,pure,ei,vilaca_2022,,,,2013-01-14T00:00:00-03:00,default,vilaca_2022,,ddRAD,NB500882.22.HHGJKBGXX.1,ILLUMINA,NextSeq 500
9,166,T009ESPGACC,Praia de Guanabara,PGA,Espírito Santo,ES,Brazil,BR,Praia de Guanabara,nesting,,,-20.82479,-40.616281,,,,cc,,,,,vilaca_2022,0.99,0.93,,2004-12-22T20:27:00-03:00,default,vilaca_2022,,ddRAD,NB500882.22.HHGJKBGXX.1,ILLUMINA,NextSeq 500
10,183,T010ESCMBCC,Comboios,CMB,Espírito Santo,ES,Brazil,BR,Comboios,nesting,,,-19.679736,-39.896423,,,,cc,cc,cc,pure,cc,vilaca_2022,,,,2012-11-02T00:00:00-03:00,default,vilaca_2022,,ddRAD,NB500882.22.HHGJKBGXX.1,ILLUMINA,NextSeq 500
11,198,T011RNPIPEI,Pipa,PIP,Rio Grande do Norte,RN,Brazil,BR,Sibaúma,nesting,,,-6.225044,-35.063981,,,F,ei,,,,,vilaca_2022,,,,2013-01-20T21:35:00-03:00,default,vilaca_2022,,ddRAD,NB500882.22.HHGJKBGXX.1,ILLUMINA,NextSeq 500
12,208,T012ESCMBCC,Comboios,CMB,Espírito Santo,ES,Brazil,BR,Comboios,nesting,,,-19.679736,-39.896423,,,,cc,,,,,vilaca_2022,,,,2012-11-04T00:00:00-03:00,default,vilaca_2022,,ddRAD,NB500882.22.HHGJKBGXX.1,ILLUMINA,NextSeq 500
13,218,T013ESPOVCC,Povoação,POV,Espírito Santo,ES,Brazil,BR,Povoação,nesting,,,-19.55981133,-39.77210808,,,,cc,,,,,vilaca_2022,0.965,0.855,,2008-11-07T20:13:00-03:00,default,vilaca_2022,,ddRAD,NB500882.22.HHGJKBGXX.1,ILLUMINA,NextSeq 500
14,221,T014BAPDFCC,Praia do Forte,PDF,Bahia,BA,Brazil,BR,Praia do Forte,nesting,,,-12.57785374,-38.00140715,,,F,cc,cc,cc,pure,,vilaca_2022,0.951,0.877,,2007-11-19T22:00:00-03:00,default,vilaca_2022,,ddRAD,NB500882.22.HHGJKBGXX.1,ILLUMINA,NextSeq 500
15,229,T015ESPOVCC,Povoação,POV,Espírito Santo,ES,Brazil,BR,Povoação,nesting,,,-19.55981133,-39.77210808,,,,cc,,,,cc,vilaca_2022,,,,2012-11-06T00:29:00-03:00,default,vilaca_2022,,ddRAD,NB500882.22.HHGJKBGXX.1,ILLUMINA,NextSeq 500
16,237,T016RNPIPEI,Pipa,PIP,Rio Grande do Norte,RN,Brazil,BR,Praia das Minas,nesting,,,-6.225044,-35.063981,,,F,ei,,,,,vilaca_2022,,,,2013-01-29T21:05:00-03:00,default,vilaca_2022,,ddRAD,NB500882.22.HHGJKBGXX.1,ILLUMINA,NextSeq 500
17,239,T017RNPIPEI,Pipa,PIP,Rio Grande do Norte,RN,Brazil,BR,Praia das Minas,nesting,,,-6.225044,-35.063981,,,F,ei,,,,,vilaca_2022,,,,2013-01-30T19:05:00-03:00,default,vilaca_2022,,ddRAD,NB500882.22.HHGJKBGXX.1,ILLUMINA,NextSeq 500
18,244,T018ESCMBCC,Comboios,CMB,Espírito Santo,ES,Brazil,BR,Comboios,nesting,,,-19.679736,-39.896423,,,,cc,cc,cc,pure,,vilaca_2022,,,,2012-11-06T00:00:00-03:00,default,vilaca_2022,,ddRAD,NB500882.22.HHGJKBGXX.1,ILLUMINA,NextSeq 500
19,250,T019SEPIRLO,Pirambu,PIR,Sergipe,SE,Brazil,BR,Lagoa,nesting,,,-10.740856,-36.859125,,,F,lo,,,,,,0.7,0.71,40,2005-10-26T00:00:00-03:00,default,arantes_unpublished,,ddRAD,NB500882.24.HVM3VBGXX.1,ILLUMINA,NextSeq 500
20,275,T020BAPDFEI,Praia do Forte,PDF,Bahia,BA,Brazil,BR,Praia do Forte,nesting,,,-12.57785374,-38.00140715,,,F,ei,admixed,cc_ei,f1,,vilaca_2022,0.965,0.887,91.2,2005-11-01T20:30:00-03:00,default,vilaca_2022,,ddRAD,NB500882.22.HHGJKBGXX.1,ILLUMINA,NextSeq 500
21,278,T021ESPOVCC,Povoação,POV,Espírito Santo,ES,Brazil,BR,Povoação,nesting,,,-19.55981133,-39.77210808,,,,cc,cc,cc,pure,cc,vilaca_2022,0.935,0.845,,2012-12-11T00:00:00-03:00,default,vilaca_2022,,ddRAD,NB500882.24.HVM3VBGXX.1,ILLUMINA,NextSeq 500
22,298,T022ESPOVCC,Povoação,POV,Espírito Santo,ES,Brazil,BR,Povoação,nesting,,,-19.55981133,-39.77210808,,,,cc,cc,cc,pure,,vilaca_2022,1.05,0.935,,2013-11-14T00:00:00-03:00,default,vilaca_2022,,ddRAD,NB500882.22.HHGJKBGXX.1,ILLUMINA,NextSeq 500
23,323,T023ESCMBCC,Comboios,CMB,Espírito Santo,ES,Brazil,BR,Comboios,nesting,,,-19.679736,-39.896423,,,,cc,cc,cc,pure,,vilaca_2022,,,,2012-11-11T00:00:00-03:00,default,vilaca_2022,,ddRAD,NB500882.22.HHGJKBGXX.1,ILLUMINA,NextSeq 500
24,333,T024RNPIPEI,Pipa,PIP,Rio Grande do Norte,RN,Brazil,BR,Chapadão,nesting,,,-6.225044,-35.063981,,,F,ei,ei,ei,pure,ei,vilaca_2022,,,,2013-02-06T00:55:00-03:00,default,vilaca_2022,,ddRAD,NB500882.22.HHGJKBGXX.1,ILLUMINA,NextSeq 500
25,335,T025ESPOVCC,Povoação,POV,Espírito Santo,ES,Brazil,BR,Povoação,nesting,,,-19.55981133,-39.77210808,,,,cc,cc,cc,pure,cc,vilaca_2022,0.935,0.85,,2012-11-18T00:20:00-03:00,default,vilaca_2022,,ddRAD,NB500882.22.HHGJKBGXX.1,ILLUMINA,NextSeq 500
26,363,T026ESCMBCC,Comboios,CMB,Espírito Santo,ES,Brazil,BR,Comboios,nesting,,,-19.679736,-39.896423,,,,cc,,,,cc,vilaca_2022,,,,2012-11-17T00:00:00-03:00,default,vilaca_2022,,ddRAD,NB500882.22.HHGJKBGXX.1,ILLUMINA,NextSeq 500
27,397,T027RNPIPEI,Pipa,PIP,Rio Grande do Norte,RN,Brazil,BR,Praia das Minas,nesting,,,-6.225044,-35.063981,,,F,ei,ei,ei,pure,,vilaca_2022,,,,2013-02-12T00:00:00-03:00,default,vilaca_2022,,ddRAD,NB500882.22.HHGJKBGXX.1,ILLUMINA,NextSeq 500
28,401,T028RNPIPEI,Pipa,PIP,Rio Grande do Norte,RN,Brazil,BR,Sibaúma,nesting,,,-6.225044,-35.063981,,,F,ei,ei,ei,pure,,vilaca_2022,,,,2013-02-13T00:00:00-03:00,default,vilaca_2022,,ddRAD,NB500882.22.HHGJKBGXX.1,ILLUMINA,NextSeq 500
29,417,T029ESPOVCC,Povoação,POV,Espírito Santo,ES,Brazil,BR,Povoação,nesting,,,-19.55981133,-39.77210808,,,,cc,cc,cc,pure,,vilaca_2022,0.99,0.89,,2009-11-29T21:51:00-03:00,default,vilaca_2022,,ddRAD,NB500882.22.HHGJKBGXX.1,ILLUMINA,NextSeq 500
30,433,T030ESCMBCC,Comboios,CMB,Espírito Santo,ES,Brazil,BR,Comboios,nesting,,,-19.679736,-39.896423,,,,cc,,,,cc,vilaca_2022,,,,2009-11-29T04:58:00-03:00,default,vilaca_2022,,ddRAD,NB500882.22.HHGJKBGXX.1,ILLUMINA,NextSeq 500
31,443,T031BASANCC,Santo Antonio,SAN,Bahia,BA,Brazil,BR,Santo Antonio,nesting,,-37.93191,-12.45762153,,,,F,cc,cc,cc,pure,cc,vilaca_2022,1.06,0.894,,2012-11-19T21:36:00-03:00,default,vilaca_2022,,ddRAD,NB500882.22.HHGJKBGXX.1,ILLUMINA,NextSeq 500
32,445,T032BASANCC,Santo Antonio,SAN,Bahia,BA,Brazil,BR,Santo Antonio,nesting,-12.44408,-37.92279,,,,,F,cc,cc,cc,pure,cc,vilaca_2022,1.02,0.91,,2012-11-19T01:05:00-03:00,default,vilaca_2022,,ddRAD,NB500882.22.HHGJKBGXX.1,ILLUMINA,NextSeq 500
33,469,T033RNPIPEI,Pipa,PIP,Rio Grande do Norte,RN,Brazil,BR,Olho D'água,nesting,,,-6.225044,-35.063981,,,F,ei,ei,ei,pure,,vilaca_2022,,,,2013-02-12T00:00:00-03:00,default,vilaca_2022,,ddRAD,NB500882.22.HHGJKBGXX.1,ILLUMINA,NextSeq 500
34,472,T034RNPIPEI,Pipa,PIP,Rio Grande do Norte,RN,Brazil,BR,Olho D'água,nesting,,,-6.225044,-35.063981,,,F,ei,ei,ei,pure,,vilaca_2022,,,,2013-02-13T19:15:00-03:00,default,vilaca_2022,,ddRAD,NB500882.24.HVM3VBGXX.1,ILLUMINA,NextSeq 500
35,473,T035RNPIPEI,Pipa,PIP,Rio Grande do Norte,RN,Brazil,BR,Olho D'água,nesting,,,-6.225044,-35.063981,,,F,ei,ei,ei,pure,ei,vilaca_2022,,,,2013-02-13T00:00:00-03:00,default,vilaca_2022,,ddRAD,NB500882.22.HHGJKBGXX.1,ILLUMINA,NextSeq 500
36,474,T036SEPIRLO,Pirambu,PIR,Sergipe,SE,Brazil,BR,Lagoa,nesting,,,-10.740856,-36.859125,,,F,lo,lo,lo,pure,,vilaca_2022,0.795,0.795,59.8,2005-11-15T00:00:00-03:00,default,vilaca_2022,,ddRAD,NB500882.24.HVM3VBGXX.1,ILLUMINA,NextSeq 500
37,475,T037RNPIPEI,Pipa,PIP,Rio Grande do Norte,RN,Brazil,BR,Olho D'água,nesting,,,-6.225044,-35.063981,,,F,ei,,,,,vilaca_2022,,,,2013-02-13T06:30:00-03:00,default,vilaca_2022,,ddRAD,NB500882.22.HHGJKBGXX.1,ILLUMINA,NextSeq 500
38,476,T038RNPIPEI,Pipa,PIP,Rio Grande do Norte,RN,Brazil,BR,Olho D'água,nesting,,,-6.225044,-35.063981,,,F,ei,,,,,vilaca_2022,,,,2013-02-14T19:20:00-03:00,default,vilaca_2022,,ddRAD,NB500882.22.HHGJKBGXX.1,ILLUMINA,NextSeq 500
39,478,T039BAPDFCC,Praia do Forte,PDF,Bahia,BA,Brazil,BR,Praia do Forte,nesting,,,-12.45775467,-38.00140715,,,F,cc,,,,,,0.975,0.88,,2007-11-24T00:00:00-03:00,default,vilaca_2022,,ddRAD,NB500882.22.HHGJKBGXX.1,ILLUMINA,NextSeq 500
40,479,T040RNPIPEI,Pipa,PIP,Rio Grande do Norte,RN,Brazil,BR,Olho D'água,nesting,,,-6.225044,-35.063981,,,F,ei,ei,ei,pure,,vilaca_2022,,,,2013-02-14T03:30:00-03:00,default,vilaca_2022,,ddRAD,NB500882.22.HHGJKBGXX.1,ILLUMINA,NextSeq 500
41,481,T041RNPIPEI,Pipa,PIP,Rio Grande do Norte,RN,Brazil,BR,Olho D'água,nesting,,,-6.225044,-35.063981,,,F,ei,,,,,,,,,2013-02-15T22:00:00-03:00,default,arantes_unpublished,,ddRAD,NB500882.22.HHGJKBGXX.1,ILLUMINA,NextSeq 500
42,482,T042RNPIPEI,Pipa,PIP,Rio Grande do Norte,RN,Brazil,BR,Olho D'água,nesting,,,-6.225044,-35.063981,,,F,ei,ei,ei,pure,,vilaca_2022,,,,2013-02-15T23:00:00-03:00,default,vilaca_2022,,ddRAD,NB500882.22.HHGJKBGXX.1,ILLUMINA,NextSeq 500
43,488,T043RNPIPEI,Pipa,PIP,Rio Grande do Norte,RN,Brazil,BR,Malemba,nesting,,,-6.225044,-35.063981,,,F,ei,,,,,vilaca_2022,,,,2013-02-10T00:55:00-03:00,default,vilaca_2022,,ddRAD,NB500882.22.HHGJKBGXX.1,ILLUMINA,NextSeq 500
44,497,T044RNPIPEI,Pipa,PIP,Rio Grande do Norte,RN,Brazil,BR,Malemba,nesting,,,-6.225044,-35.063981,,,F,ei,,,,,vilaca_2022,,,,2013-02-14T02:00:00-03:00,default,vilaca_2022,,ddRAD,NB500882.24.HVM3VBGXX.1,ILLUMINA,NextSeq 500
45,505,T045RNPIPEI,Pipa,PIP,Rio Grande do Norte,RN,Brazil,BR,Baia Formosa,nesting,,,-6.225044,-35.063981,,,F,ei,,,,,vilaca_2022,,,,2013-02-11T22:35:00-03:00,default,vilaca_2022,,ddRAD,NB500882.22.HHGJKBGXX.1,ILLUMINA,NextSeq 500
46,513,T046RNPIPEI,Pipa,PIP,Rio Grande do Norte,RN,Brazil,BR,Baia Formosa,nesting,,,-6.225044,-35.063981,,,F,ei,ei,ei,pure,,vilaca_2022,,,,2013-02-15T01:30:00-03:00,default,vilaca_2022,,ddRAD,NB500882.22.HHGJKBGXX.1,ILLUMINA,NextSeq 500
47,520,T047BAPDFCC,Praia do Forte,PDF,Bahia,BA,Brazil,BR,Praia do Forte,nesting,,,-12.57785374,-38.00140715,,,F,cc,cc,cc,pure,cc,vilaca_2022,0.95,0.88,,2007-11-28T22:57:00-03:00,default,vilaca_2022,,ddRAD,NB500882.22.HHGJKBGXX.1,ILLUMINA,NextSeq 500
48,526,T048RNPIPEI,Pipa,PIP,Rio Grande do Norte,RN,Brazil,BR,Baia Formosa,nesting,,,-6.225044,-35.063981,,,F,ei,ei,ei,pure,,vilaca_2022,,,,2013-02-11T00:00:00-03:00,default,vilaca_2022,,ddRAD,NB500882.24.HVM3VBGXX.1,ILLUMINA,NextSeq 500
49,539,T049BASANCC,Santo Antonio,SAN,Bahia,BA,Brazil,BR,Imbassaí,nesting,,,-12.45775467,-37.93075128,,,F,cc,cc,cc,pure,cc,vilaca_2022,0.947,0.837,,2012-11-27T23:15:00-03:00,default,vilaca_2022,,ddRAD,NB500882.22.HHGJKBGXX.1,ILLUMINA,NextSeq 500
50,553,T050BASANCC,Santo Antonio,SAN,Bahia,BA,Brazil,BR,Santo Antonio,nesting,,,-12.45775467,-37.93075128,,,F,cc,cc,cc,pure,,vilaca_2022,1.049,0.943,,2012-11-28T00:40:00-03:00,default,vilaca_2022,,ddRAD,NB500882.22.HHGJKBGXX.1,ILLUMINA,NextSeq 500
51,561,T051ESCMBCC,Comboios,CMB,Espírito Santo,ES,Brazil,BR,Comboios,nesting,,,-19.679736,-39.896423,,,,cc,cc,cc,pure,cc,vilaca_2022,,,,2012-12-03T00:00:00-03:00,default,vilaca_2022,,ddRAD,NB500882.22.HHGJKBGXX.1,ILLUMINA,NextSeq 500
52,562,T052ESCMBCC,Comboios,CMB,Espírito Santo,ES,Brazil,BR,Comboios,nesting,,,-19.679736,-39.896423,,,,cc,cc,cc,pure,,vilaca_2022,,,,2012-12-03T00:00:00-03:00,default,vilaca_2022,,ddRAD,NB500882.22.HHGJKBGXX.1,ILLUMINA,NextSeq 500
53,620,T053ESPOVCC,Povoação,POV,Espírito Santo,ES,Brazil,BR,Povoação,nesting,,,-19.55981133,-39.77210808,,,,cc,,,,,,0.865,0.82,,2009-01-01T23:20:00-03:00,default,arantes_unpublished,,ddRAD,NB500882.22.HHGJKBGXX.1,ILLUMINA,NextSeq 500
54,631,T054BAABPEI,Arembepe,ABP,Bahia,BA,Brazil,BR,Busca Vida,nesting,,,-12.76264494,-38.1682294,,,F,ei,,,,,,1,0.885,,2005-11-17T23:00:00-03:00,default,arantes_unpublished,,ddRAD,NB500882.22.HHGJKBGXX.1,ILLUMINA,NextSeq 500
55,654,T055RNPIPEI,Pipa,PIP,Rio Grande do Norte,RN,Brazil,BR,Pipa,nesting,,,-6.225044,-35.063981,,,F,ei,ei,ei,pure,,vilaca_2022,,,,2013-03-06T00:00:00-03:00,default,vilaca_2022,,ddRAD,NB500882.22.HHGJKBGXX.1,ILLUMINA,NextSeq 500
56,674,T056SEPIRLO,Pirambu,PIR,Sergipe,SE,Brazil,BR,Pirambu,nesting,,,-10.740856,-36.859125,,,F,lo,,,,,,0.71,0.69,,2005-11-25T00:00:00-03:00,default,arantes_unpublished,,ddRAD,NB500882.24.HVM3VBGXX.1,ILLUMINA,NextSeq 500
57,736,T057BAPDFCC,Praia do Forte,PDF,Bahia,BA,Brazil,BR,Praia do Forte,nesting,,,-12.57785374,-38.00140715,,,F,cc,,,,,,0.94,0.845,,2007-02-19T01:40:00-03:00,default,arantes_unpublished,,ddRAD,NB500882.22.HHGJKBGXX.1,ILLUMINA,NextSeq 500
58,738,T058BAPDFCC,Praia do Forte,PDF,Bahia,BA,Brazil,BR,Praia do Forte,nesting,,,-12.57785374,-38.00140715,,,F,cc,,,,cc,vilaca_2022,1.06,1.01,,2007-02-19T22:56:00-03:00,default,vilaca_2022,,ddRAD,NB500882.22.HHGJKBGXX.1,ILLUMINA,NextSeq 500
59,820,T059BAPDFEI,Praia do Forte,PDF,Bahia,BA,Brazil,BR,Praia do Forte,nesting,-12.55099,-37.9865,,,,,F,ei,,,,,,0.985,0.93,,2012-12-18T04:57:00-03:00,default,arantes_unpublished,,ddRAD,NB500882.22.HHGJKBGXX.1,ILLUMINA,NextSeq 500
60,826,T060RNPIPEI,Pipa,PIP,Rio Grande do Norte,RN,Brazil,BR,Praia das Minas,nesting,,,-6.225044,-35.063981,,,F,ei,,,,ei,vilaca_2022,,,,2013-03-19T19:15:00-03:00,default,vilaca_2022,,ddRAD,NB500882.22.HHGJKBGXX.1,ILLUMINA,NextSeq 500
61,839,T061BASANCC,Santo Antonio,SAN,Bahia,BA,Brazil,BR,Santo Antonio,nesting,-12.44754,-27.92475,,,,,F,cc,,,,,,0.923,0.861,,2012-12-19T02:06:00-03:00,default,vilaca_2022,,ddRAD,NB500882.22.HHGJKBGXX.1,ILLUMINA,NextSeq 500
62,840,T062BASANEI,Santo Antonio,SAN,Bahia,BA,Brazil,BR,Imbassaí,nesting,-12.48869,-37.95352,,,,,F,ei,ei,ei,pure,ei,vilaca_2022,0.915,0.882,,2011-12-09T23:20:00-03:00,default,vilaca_2022,,ddRAD,NB500882.22.HHGJKBGXX.1,ILLUMINA,NextSeq 500
63,846,T063BASANCC,Santo Antonio,SAN,Bahia,BA,Brazil,BR,Porto do Sauipe,nesting,,,-12.45775467,-37.93075128,,,F,cc,cc,cc,pure,cc,vilaca_2022,0.966,0.854,,2011-12-09T21:07:00-03:00,default,vilaca_2022,,ddRAD,NB500882.22.HHGJKBGXX.1,ILLUMINA,NextSeq 500
64,881,T064BASANEI,Santo Antonio,SAN,Bahia,BA,Brazil,BR,Imbassaí,nesting,-12.4905,-37.95461,,,,,F,ei,,,,,,1.055,0.902,,2011-12-12T21:14:00-03:00,default,vilaca_2022,,ddRAD,NB500882.22.HHGJKBGXX.1,ILLUMINA,NextSeq 500
65,889,T065BASANCC,Santo Antonio,SAN,Bahia,BA,Brazil,BR,Imbassaí,nesting,,,-12.45775467,-37.93075128,,,F,cc,,,,,,0.93,0.872,,2011-12-13T21:24:00-03:00,default,arantes_unpublished,,ddRAD,NB500882.22.HHGJKBGXX.1,ILLUMINA,NextSeq 500
66,919,T066BASANEI,Santo Antonio,SAN,Bahia,BA,Brazil,BR,Imbassaí,nesting,,,-12.45775467,-37.93075128,,,F,ei,,,,,,0.98,0.855,,2006-01-22T23:50:00-03:00,default,arantes_unpublished,,ddRAD,NB500882.22.HHGJKBGXX.1,ILLUMINA,NextSeq 500
67,985,T067BASANCC,Santo Antonio,SAN,Bahia,BA,Brazil,BR,Imbassaí,nesting,,,-12.45775467,-37.93075128,,,F,cc,,,,,vilaca_2022,0.96,0.88,,2011-12-19T22:45:00-03:00,default,vilaca_2022,,ddRAD,NB500882.22.HHGJKBGXX.1,ILLUMINA,NextSeq 500
68,1026,T068BASANEI,Santo Antonio,SAN,Bahia,BA,Brazil,BR,Santo Antonio,nesting,-12.45879,-37.93219,,,,,F,ei,ei,ei,pure,ei,vilaca_2022,0.964,0.885,,2011-12-21T23:33:00-03:00,default,vilaca_2022,,ddRAD,NB500882.22.HHGJKBGXX.1,ILLUMINA,NextSeq 500
69,1052,T069BASANCC,Santo Antonio,SAN,Bahia,BA,Brazil,BR,Santo Antonio,nesting,,,-12.45775467,-37.93075128,,,F,cc,,,,,,1,0.864,,2011-12-23T23:00:00-03:00,default,arantes_unpublished,,ddRAD,NB500882.22.HHGJKBGXX.1,ILLUMINA,NextSeq 500
70,1076,T070BAPDFEI,Praia do Forte,PDF,Bahia,BA,Brazil,BR,Barra de Jacuípe,nesting,,,-12.57785374,-38.00140715,,,F,ei,,,,,,0.997,0.897,,2006-01-16T20:40:00-03:00,default,arantes_unpublished,,ddRAD,NB500882.22.HHGJKBGXX.1,ILLUMINA,NextSeq 500
71,1087,T071BASANCC,Santo Antonio,SAN,Bahia,BA,Brazil,BR,Imbassaí,nesting,,,-12.45775467,-37.93075128,,,F,cc,,,,cc,vilaca_2022,0.988,0.862,,2011-12-26T21:17:00-03:00,default,vilaca_2022,,ddRAD,NB500882.22.HHGJKBGXX.1,ILLUMINA,NextSeq 500
72,1141,T072BAPDFCC,Praia do Forte,PDF,Bahia,BA,Brazil,BR,Praia do Forte,nesting,-12.54411,-37.98294,,,,,F,cc,cc,cc,pure,cc,vilaca_2022,,,,2013-01-07T00:00:00-03:00,default,vilaca_2022,,ddRAD,NB500882.22.HHGJKBGXX.1,ILLUMINA,NextSeq 500
73,1167,T073BAPDFCC,Praia do Forte,PDF,Bahia,BA,Brazil,BR,Praia do Forte,nesting,,,-12.57785374,-38.00140715,,,F,cc,,,,,,0.951,0.879,,2007-02-03T22:34:00-03:00,default,arantes_unpublished,,ddRAD,NB500882.22.HHGJKBGXX.1,ILLUMINA,NextSeq 500
74,1174,T074BAPDFEI,Praia do Forte,PDF,Bahia,BA,Brazil,BR,Itacimirim,nesting,,,-12.57785374,-38.00140715,,,F,ei,,,,,,0.96,0.82,,2006-01-27T20:40:00-03:00,default,arantes_unpublished,,ddRAD,NB500882.22.HHGJKBGXX.1,ILLUMINA,NextSeq 500
75,1212,T075BAPDFCC,Praia do Forte,PDF,Bahia,BA,Brazil,BR,Praia do Forte,nesting,-12.55773,-37.99113,,,,,F,cc,,,,,vilaca_2022,0.997,0.925,,2013-01-14T01:40:00-03:00,default,vilaca_2022,,ddRAD,NB500882.22.HHGJKBGXX.1,ILLUMINA,NextSeq 500
76,1274,T076SEPIRLO,Pirambu,PIR,Sergipe,SE,Brazil,BR,Pirambu,nesting,,,-10.740856,-36.859125,,,F,lo,,,,,,0.66,0.68,35.8,2006-01-11T00:00:00-03:00,default,arantes_unpublished,,ddRAD,NB500882.24.HVM3VBGXX.1,ILLUMINA,NextSeq 500
77,1451,T077BASANEI,Santo Antonio,SAN,Bahia,BA,Brazil,BR,Santo Antonio,nesting,-12.45171,-37.92779,,,,,F,ei,,,,ei,vilaca_2022,0.915,0.817,,2012-01-30T20:50:00-03:00,default,vilaca_2022,,ddRAD,NB500882.22.HHGJKBGXX.1,ILLUMINA,NextSeq 500
78,1482,T078BAPDFCC,Praia do Forte,PDF,Bahia,BA,Brazil,BR,Praia do Forte,nesting,-12.55575,-37.98935,,,,,F,cc,cc,cc,pure,cc,vilaca_2022,0.912,0.827,,2013-02-02T23:29:00-03:00,default,vilaca_2022,,ddRAD,NB500882.22.HHGJKBGXX.1,ILLUMINA,NextSeq 500
79,1483,T079SEPIRLO,Pirambu,PIR,Sergipe,SE,Brazil,BR,Pirambu,nesting,,,-10.740856,-36.859125,,,F,lo,,,,,,0.71,0.71,,2013-12-12T00:00:00-03:00,default,arantes_unpublished,,ddRAD,NB500882.24.HVM3VBGXX.1,ILLUMINA,NextSeq 500
80,1491,T080BASANCC,Santo Antonio,SAN,Bahia,BA,Brazil,BR,Imbassaí,nesting,-12.47826,-37.94609,,,,,F,cc,,,,cc,vilaca_2022,1.023,0.96,,2013-02-18T01:15:00-03:00,default,vilaca_2022,,ddRAD,NB500882.22.HHGJKBGXX.1,ILLUMINA,NextSeq 500
81,1524,T081SEPIRLO,Pirambu,PIR,Sergipe,SE,Brazil,BR,Pirambu,nesting,,,-10.740856,-36.859125,,,F,lo,lo,lo,pure,,vilaca_2022,0.695,0.67,,2006-01-29T00:00:00-03:00,default,vilaca_2022,,ddRAD,NB500882.24.HVM3VBGXX.1,ILLUMINA,NextSeq 500
82,1564,T082BAPDFCC,Praia do Forte,PDF,Bahia,BA,Brazil,BR,Praia do Forte,nesting,-12.55831,-37.99162,,,,,F,cc,cc,cc,pure,cc,vilaca_2022,1.103,0.924,,2013-02-07T02:30:00-03:00,default,vilaca_2022,,ddRAD,NB500882.22.HHGJKBGXX.1,ILLUMINA,NextSeq 500
83,1591,T083BAPDFCC,Praia do Forte,PDF,Bahia,BA,Brazil,BR,Praia do Forte,nesting,-12.51359,-37.968559,,,,,F,cc,cc,cc,pure,cc,vilaca_2022,0.965,0.934,,2013-02-11T00:40:00-03:00,default,vilaca_2022,,ddRAD,NB500882.22.HHGJKBGXX.1,ILLUMINA,NextSeq 500
84,1592,T084BAPDFCC,Praia do Forte,PDF,Bahia,BA,Brazil,BR,Praia do Forte,nesting,-12.55847,-37.99174,,,,,F,cc,cc,cc,pure,cc,vilaca_2022,1.052,0.912,,2013-02-11T01:35:00-03:00,default,vilaca_2022,,ddRAD,NB500882.22.HHGJKBGXX.1,ILLUMINA,NextSeq 500
85,1609,T085SEPIRLO,Pirambu,PIR,Sergipe,SE,Brazil,BR,Pirambu,nesting,,,-10.740856,-36.859125,,,F,lo,,,,,,0.72,0.735,,2013-12-22T00:00:00-03:00,default,arantes_unpublished,,ddRAD,NB500882.24.HVM3VBGXX.1,ILLUMINA,NextSeq 500
86,1612,T086BAPDFCC,Praia do Forte,PDF,Bahia,BA,Brazil,BR,Praia do Forte,nesting,-12.52638,-37.97611,,,,,F,cc,cc,cc,pure,cc,vilaca_2022,1.02,0.92,,2013-02-12T22:41:00-03:00,default,vilaca_2022,,ddRAD,NB500882.22.HHGJKBGXX.1,ILLUMINA,NextSeq 500
87,1623,T087BAABPEI,Arembepe,ABP,Bahia,BA,Brazil,BR,Busca Vida,nesting,,,-12.76264494,-38.1682294,,,F,ei,,,,cc,vilaca_2022,0.96,0.85,,2007-01-23T01:00:00-03:00,default,vilaca_2022,,ddRAD,NB500882.22.HHGJKBGXX.1,ILLUMINA,NextSeq 500
88,1629,T088BAPDFCC,Praia do Forte,PDF,Bahia,BA,Brazil,BR,Praia do Forte,nesting,-12.55813,-37.99143,,,,,F,cc,admixed,cc_lo,f1,lo,vilaca_2022,,,,2013-02-13T01:08:00-03:00,default,vilaca_2022,,ddRAD,NB500882.22.HHGJKBGXX.1,ILLUMINA,NextSeq 500
89,1630,T089BAPDFCC,Praia do Forte,PDF,Bahia,BA,Brazil,BR,Praia do Forte,nesting,-12.55675,-37.99031,,,,,F,cc,cc,cc,pure,cc,vilaca_2022,0.98,0.899,,2013-02-13T01:33:00-03:00,default,vilaca_2022,,ddRAD,NB500882.22.HHGJKBGXX.1,ILLUMINA,NextSeq 500
90,1637,T090BAPDFEI,Praia do Forte,PDF,Bahia,BA,Brazil,BR,Praia do Forte,nesting,-12.55786,-37.99128,,,,,F,ei,,,,ei,vilaca_2022,0.91,0.824,,2013-02-14T21:45:00-03:00,default,vilaca_2022,,ddRAD,NB500882.22.HHGJKBGXX.1,ILLUMINA,NextSeq 500
91,341,T091BAABPEI,Arembepe,ABP,Bahia,BA,Brazil,BR,Arembepe,nesting,,,-12.76264494,-38.1682294,,,F,ei,,,,,,0.997,0.938,,2009-01-08T04:25:00-03:00,default,vilaca_2022,,ddRAD,NB500882.22.HHGJKBGXX.1,ILLUMINA,NextSeq 500
92,1641,T092BASANEI,Santo Antonio,SAN,Bahia,BA,Brazil,BR,Santo Antonio,nesting,-12.42388,-37.90698,,,,,F,ei,admixed,cc_ei,f1,cc,vilaca_2022,0.932,0.81,,2012-02-24T21:25:00-03:00,default,vilaca_2022,,ddRAD,NB500882.22.HHGJKBGXX.1,ILLUMINA,NextSeq 500
93,1648,T093BAPDFEI,Praia do Forte,PDF,Bahia,BA,Brazil,BR,Praia do Forte,nesting,-12.57703,-38.00135,,,,,F,ei,admixed,cc_ei,f1,cc,vilaca_2022,0.94,0.829,,2013-02-13T05:28:00-03:00,default,vilaca_2022,,ddRAD,NB500882.22.HHGJKBGXX.1,ILLUMINA,NextSeq 500
94,1660,T094BAPDFCC,Praia do Forte,PDF,Bahia,BA,Brazil,BR,Praia do Forte,nesting,-12.54478,-37.98305,,,,,F,cc,,,,,vilaca_2022,0.956,0.843,,2013-02-15T21:56:00-03:00,default,vilaca_2022,,ddRAD,NB500882.22.HHGJKBGXX.1,ILLUMINA,NextSeq 500
95,1704,T095BAPDFCC,Praia do Forte,PDF,Bahia,BA,Brazil,BR,Praia do Forte,nesting,-12.55892,-37.99216,,,,,F,cc,cc,cc,pure,cc,vilaca_2022,1.065,0.942,,2013-02-18T23:40:00-03:00,default,vilaca_2022,,ddRAD,NB500882.22.HHGJKBGXX.1,ILLUMINA,NextSeq 500
96,1738,T096BAPDFCC,Praia do Forte,PDF,Bahia,BA,Brazil,BR,Praia do Forte,nesting,-12.51357,-37.96864,,,,,F,cc,,,,cc,vilaca_2022,1.039,0.89,,2013-02-25T20:48:00-03:00,default,vilaca_2022,,ddRAD,NB500882.22.HHGJKBGXX.1,ILLUMINA,NextSeq 500
97,1749,T097BAPDFEI,Praia do Forte,PDF,Bahia,BA,Brazil,BR,Praia do Forte,nesting,-12.56894,-37.99665,,,,,F,ei,ei,ei,pure,ei,vilaca_2022,0.942,0.83,,2013-02-27T20:10:00-03:00,default,vilaca_2022,,ddRAD,NB500882.22.HHGJKBGXX.1,ILLUMINA,NextSeq 500
98,2109,T098SEPIRLO,Pirambu,PIR,Sergipe,SE,Brazil,BR,Pirambu,nesting,,,-10.740856,-36.859125,,,F,lo,,,,,,0.7,0.73,,2014-01-17T00:00:00-03:00,default,arantes_unpublished,,ddRAD,NB500882.24.HVM3VBGXX.1,ILLUMINA,NextSeq 500
99,AB11F4,T099BAABRNA,Abrolhos,ABR,Bahia,BA,Brazil,BR,Abrolhos,nesting,,,-17.96326087,-38.70172687,dead,hatchling,,,admixed,cc_ei,introgressed,cc,arantes_2020b,,,,,Good1,arantes_2020b,"cc nesting, ei and cm feeding",3RAD,K00302.86.H2CTHBBXX.8,ILLUMINA,HiSeq 4000
100,AB11F5,T100BAABRNA,Abrolhos,ABR,Bahia,BA,Brazil,BR,Abrolhos,nesting,,,-17.96326087,-38.70172687,dead,hatchling,,,admixed,cc_ei,introgressed,,arantes_2020b,,,,,Good1,arantes_2020b,"cc nesting, ei and cm feeding",3RAD,K00302.86.H2CTHBBXX.8,ILLUMINA,HiSeq 4000
101,AB12F1,T101BAABRNA,Abrolhos,ABR,Bahia,BA,Brazil,BR,Abrolhos,nesting,,,-17.96326087,-38.70172687,dead,hatchling,,,cc,cc,pure,cc,arantes_2020b,,,,,Good1,arantes_2020b,"cc nesting, ei and cm feeding",3RAD,K00302.86.H2CTHBBXX.8,ILLUMINA,HiSeq 4000
102,AB12F4,T102BAABRNA,Abrolhos,ABR,Bahia,BA,Brazil,BR,Abrolhos,nesting,,,-17.96326087,-38.70172687,dead,hatchling,,,cc,cc,pure,,arantes_2020b,,,,,Good1,arantes_2020b,"cc nesting, ei and cm feeding",3RAD,K00302.86.H2CTHBBXX.8,ILLUMINA,HiSeq 4000
103,AB13F2,T103BAABRNA,Abrolhos,ABR,Bahia,BA,Brazil,BR,Abrolhos,nesting,,,-17.96326087,-38.70172687,dead,hatchling,,,cc,cc,pure,cc,arantes_2020b,,,,,Good1,arantes_2020b,"cc nesting, ei and cm feeding",3RAD,K00302.86.H2CTHBBXX.8,ILLUMINA,HiSeq 4000
104,AB13F4,T104BAABRNA,Abrolhos,ABR,Bahia,BA,Brazil,BR,Abrolhos,nesting,,,-17.96326087,-38.70172687,dead,hatchling,,,cc,cc,pure,,arantes_2020b,,,,,Good2,arantes_2020b,"cc nesting, ei and cm feeding",3RAD,K00302.86.H2CTHBBXX.8,ILLUMINA,HiSeq 4000
105,AB13F5,T105BAABRNA,Abrolhos,ABR,Bahia,BA,Brazil,BR,Abrolhos,nesting,,,-17.96326087,-38.70172687,dead,hatchling,,,cc,cc,pure,,arantes_2020b,,,,,Bad1,arantes_2020b,"cc nesting, ei and cm feeding",3RAD,K00302.86.H2CTHBBXX.8,ILLUMINA,HiSeq 4000
106,AB16F1,T106BAABRNA,Abrolhos,ABR,Bahia,BA,Brazil,BR,Abrolhos,nesting,,,-17.96326087,-38.70172687,dead,hatchling,,,cc,cc,pure,,arantes_2020b,,,,,Good2,arantes_2020b,"cc nesting, ei and cm feeding",3RAD,K00302.86.H2CTHBBXX.8,ILLUMINA,HiSeq 4000
107,AB16F4,T107BAABRNA,Abrolhos,ABR,Bahia,BA,Brazil,BR,Abrolhos,nesting,,,-17.96326087,-38.70172687,dead,hatchling,,,cc,cc,pure,,arantes_2020b,,,,,Good2,arantes_2020b,"cc nesting, ei and cm feeding",3RAD,K00302.86.H2CTHBBXX.8,ILLUMINA,HiSeq 4000
108,AB17F1,T108BAABRNA,Abrolhos,ABR,Bahia,BA,Brazil,BR,Abrolhos,nesting,,,-17.96326087,-38.70172687,dead,hatchling,,,admixed,cc_ei,introgressed,,arantes_2020b,,,,,Good2,arantes_2020b,"cc nesting, ei and cm feeding",3RAD,K00302.86.H2CTHBBXX.8,ILLUMINA,HiSeq 4000
109,AB17F3,T109BAABRNA,Abrolhos,ABR,Bahia,BA,Brazil,BR,Abrolhos,nesting,,,-17.96326087,-38.70172687,dead,hatchling,,,admixed,cc_ei,introgressed,,arantes_2020b,,,,,Good2,arantes_2020b,"cc nesting, ei and cm feeding",3RAD,K00302.86.H2CTHBBXX.8,ILLUMINA,HiSeq 4000
110,AB17F4,T110BAABRNA,Abrolhos,ABR,Bahia,BA,Brazil,BR,Abrolhos,nesting,,,-17.96326087,-38.70172687,dead,hatchling,,,admixed,cc_ei,introgressed,cc,arantes_2020b,,,,,Good2,arantes_2020b,"cc nesting, ei and cm feeding",3RAD,K00302.86.H2CTHBBXX.8,ILLUMINA,HiSeq 4000
111,AB18F2,T111BAABRNA,Abrolhos,ABR,Bahia,BA,Brazil,BR,Abrolhos,nesting,,,-17.96326087,-38.70172687,dead,hatchling,,,cc,cc,pure,,arantes_2020b,,,,,Good2,arantes_2020b,"cc nesting, ei and cm feeding",3RAD,K00302.86.H2CTHBBXX.8,ILLUMINA,HiSeq 4000
112,AB18F3,T112BAABRNA,Abrolhos,ABR,Bahia,BA,Brazil,BR,Abrolhos,nesting,,,-17.96326087,-38.70172687,dead,hatchling,,,cc,cc,pure,,arantes_2020b,,,,,Good1,arantes_2020b,"cc nesting, ei and cm feeding",3RAD,K00302.86.H2CTHBBXX.8,ILLUMINA,HiSeq 4000
113,AB18F4,T113BAABRNA,Abrolhos,ABR,Bahia,BA,Brazil,BR,Abrolhos,nesting,,,-17.96326087,-38.70172687,dead,hatchling,,,cc,cc,pure,cc,arantes_2020b,,,,,Good2,arantes_2020b,"cc nesting, ei and cm feeding",3RAD,K00302.86.H2CTHBBXX.8,ILLUMINA,HiSeq 4000
114,AB54815,T114BAABRNA,Abrolhos,ABR,Bahia,BA,Brazil,BR,Abrolhos,feeding,,,-17.96326087,-38.70172687,pelagic,juvenile,,,ei,ei,pure,,arantes_2020b,,,,,Good2,arantes_2020b,"cc nesting, ei and cm feeding",3RAD,K00302.86.H2CTHBBXX.8,ILLUMINA,HiSeq 4000
115,AB69009,T115BAABRNA,Abrolhos,ABR,Bahia,BA,Brazil,BR,Abrolhos,feeding,,,-17.96326087,-38.70172687,pelagic,juvenile,,,ei,ei,pure,,arantes_2020b,,,,,Bad1,arantes_2020b,"cc nesting, ei and cm feeding",3RAD,K00302.86.H2CTHBBXX.8,ILLUMINA,HiSeq 4000
116,AB69099,T116BAABRNA,Abrolhos,ABR,Bahia,BA,Brazil,BR,Abrolhos,feeding,,,-17.96326087,-38.70172687,pelagic,juvenile,,,ei,ei,pure,,arantes_2020b,,,,,Bad1,arantes_2020b,"cc nesting, ei and cm feeding",3RAD,K00302.86.H2CTHBBXX.8,ILLUMINA,HiSeq 4000
117,AB69099,T116BAABRNA,Abrolhos,ABR,Bahia,BA,Brazil,BR,Abrolhos,feeding,,,-17.96326087,-38.70172687,pelagic,juvenile,,,ei,ei,pure,,arantes_2020b,,,,,Bad3,arantes_2020b,"cc nesting, ei and cm feeding",3RAD,K00302.86.H2CTHBBXX.8,ILLUMINA,HiSeq 4000
118,BA8F2,T117BAPDFNA,Praia do Forte,PDF,Bahia,BA,Brazil,BR,Praia do Forte,nesting,,,-12.57785374,-38.00140715,,hatchling,,,,,,,,,,,2017-12-21T00:00:00-03:00,Good1,arantes_unpublished,"siblings from the same nest (BA8F2, BA8F3, BA8F4, BA8F5, BA8F6)",3RAD,K00302.86.H2CTHBBXX.8,ILLUMINA,HiSeq 4000
119,BA8F3,T118BAPDFNA,Praia do Forte,PDF,Bahia,BA,Brazil,BR,Praia do Forte,nesting,,,-12.57785374,-38.00140715,,hatchling,,,,,,,,,,,2017-12-21T00:00:00-03:00,Good1,arantes_unpublished,"siblings from the same nest (BA8F2, BA8F3, BA8F4, BA8F5, BA8F6)",3RAD,K00302.86.H2CTHBBXX.8,ILLUMINA,HiSeq 4000
120,BA8F4,T119BAPDFNA,Praia do Forte,PDF,Bahia,BA,Brazil,BR,Praia do Forte,nesting,,,-12.57785374,-38.00140715,,hatchling,,,,,,,,,,,2017-12-21T00:00:00-03:00,Good1,arantes_unpublished,"siblings from the same nest (BA8F2, BA8F3, BA8F4, BA8F5, BA8F6)",3RAD,K00302.86.H2CTHBBXX.8,ILLUMINA,HiSeq 4000
121,BA8F5,T120BAPDFNA,Praia do Forte,PDF,Bahia,BA,Brazil,BR,Praia do Forte,nesting,,,-12.57785374,-38.00140715,,hatchling,,,,,,,,,,,2017-12-21T00:00:00-03:00,Good1,arantes_unpublished,"siblings from the same nest (BA8F2, BA8F3, BA8F4, BA8F5, BA8F6)",3RAD,K00302.86.H2CTHBBXX.8,ILLUMINA,HiSeq 4000
122,BA8F6,T121BAPDFNA,Praia do Forte,PDF,Bahia,BA,Brazil,BR,Praia do Forte,nesting,,,-12.57785374,-38.00140715,,hatchling,,,,,,,,,,,2017-12-21T00:00:00-03:00,Good1,arantes_unpublished,"siblings from the same nest (BA8F2, BA8F3, BA8F4, BA8F5, BA8F6)",3RAD,K00302.86.H2CTHBBXX.8,ILLUMINA,HiSeq 4000
123,BA146F1,T122BAPDFNA,Praia do Forte,PDF,Bahia,BA,Brazil,BR,Praia do Forte,nesting,,,-12.57785374,-38.00140715,,hatchling,,,,,,,,,,,2018-01-12T00:00:00-03:00,Good1,arantes_unpublished,offspring of BA439H,3RAD,K00302.86.H2CTHBBXX.8,ILLUMINA,HiSeq 4000
124,BA146F2,T123BAPDFNA,Praia do Forte,PDF,Bahia,BA,Brazil,BR,Praia do Forte,nesting,,,-12.57785374,-38.00140715,,hatchling,,,,,,,,,,,2018-01-12T00:00:00-03:00,Good1,arantes_unpublished,offspring of BA439H,3RAD,K00302.86.H2CTHBBXX.8,ILLUMINA,HiSeq 4000
125,BA146F4,T124BAPDFNA,Praia do Forte,PDF,Bahia,BA,Brazil,BR,Praia do Forte,nesting,,,-12.57785374,-38.00140715,,hatchling,,,,,,,,,,,2018-01-12T00:00:00-03:00,Good1,arantes_unpublished,offspring of BA439H,3RAD,K00302.86.H2CTHBBXX.8,ILLUMINA,HiSeq 4000
126,BA146F6,T125BAPDFNA,Praia do Forte,PDF,Bahia,BA,Brazil,BR,Praia do Forte,nesting,,,-12.57785374,-38.00140715,,hatchling,,,,,,,,,,,2018-01-12T00:00:00-03:00,Good1,arantes_unpublished,offspring of BA439H,3RAD,K00302.86.H2CTHBBXX.8,ILLUMINA,HiSeq 4000
127,BA439H,T126BAPDFEI,Praia do Forte,PDF,Bahia,BA,Brazil,BR,Praia do Forte,nesting,,,-12.57785374,-38.00140715,nesting,adult,F,ei,,,,,,1.05,0.925,,2017-11-21T21:00:00-03:00,BadgtF1,arantes_unpublished,"mother of nest 146, tumors",3RAD,K00302.86.H2CTHBBXX.8,ILLUMINA,HiSeq 4000
128,CM2,T127GFCAYCM,Cayenne,CAY,French Guiana,GF,French Guiana,GF,Cayenne,,,,4.951048543,-52.30891145,,hatchling,,cm,cm,cm,pure,,vilaca_2022,,,,,default,vilaca_2022,,ddRAD,NB500882.24.HVM3VBGXX.1,ILLUMINA,NextSeq 500
129,EI01,T128GFCAYCM,Cayenne,CAY,French Guiana,GF,French Guiana,GF,Cayenne,,,,4.951048543,-52.30891145,,hatchling,,cm,cm,cm,pure,,vilaca_2022,,,,,default,vilaca_2022,,ddRAD,NB500882.24.HVM3VBGXX.1,ILLUMINA,NextSeq 500
130,LO2,T129GFCAYLO,Cayenne,CAY,French Guiana,GF,French Guiana,GF,Cayenne,,,,4.951048543,-52.30891145,,hatchling,,lo,lo,lo,pure,,vilaca_2022,,,,,default,vilaca_2022,,ddRAD,NB500882.24.HVM3VBGXX.1,ILLUMINA,NextSeq 500
131,LO3,T130GFCAYLO,Cayenne,CAY,French Guiana,GF,French Guiana,GF,Cayenne,,,,4.951048543,-52.30891145,,hatchling,,lo,lo,lo,pure,,vilaca_2022,,,,,default,vilaca_2022,,ddRAD,NB500882.24.HVM3VBGXX.1,ILLUMINA,NextSeq 500
132,LO39,T131GFCAYLO,Cayenne,CAY,French Guiana,GF,French Guiana,GF,Cayenne,,,,4.951048543,-52.30891145,,adult,,lo,lo,lo,pure,,vilaca_2022,,,,,default,vilaca_2022,,ddRAD,NB500882.24.HVM3VBGXX.1,ILLUMINA,NextSeq 500
133,LO65,T132GFCAYLO,Cayenne,CAY,French Guiana,GF,French Guiana,GF,Cayenne,,,,4.951048543,-52.30891145,,adult,,lo,lo,lo,pure,,vilaca_2022,,,,,default,vilaca_2022,,ddRAD,NB500882.24.HVM3VBGXX.1,ILLUMINA,NextSeq 500
134,LO257,T133GFCAYLO,Cayenne,CAY,French Guiana,GF,French Guiana,GF,Cayenne,,,,4.951048543,-52.30891145,,adult,,lo,,,,,,,,,,default,arantes_unpublished,,ddRAD,NB500882.24.HVM3VBGXX.1,ILLUMINA,NextSeq 500
135,LO260,T134GFCAYLO,Cayenne,CAY,French Guiana,GF,French Guiana,GF,Cayenne,,,,4.951048543,-52.30891145,,adult,,lo,lo,lo,pure,,vilaca_2022,,,,,default,vilaca_2022,,ddRAD,NB500882.24.HVM3VBGXX.1,ILLUMINA,NextSeq 500
136,R0023,T135BAPDFEI,Praia do Forte,PDF,Bahia,BA,Brazil,BR,Praia do Forte,nesting,,,-12.57785374,-38.00140715,,,,ei,,,,cc,vilaca_2022,,,,,default,vilaca_2022,,ddRAD,NB500882.22.HHGJKBGXX.1,ILLUMINA,NextSeq 500
137,R0024,T136BAPDFEI,Praia do Forte,PDF,Bahia,BA,Brazil,BR,Praia do Forte,nesting,,,-12.57785374,-38.00140715,nesting,adult,F,ei,admixed,cc_ei,f1,cc,arantes_2020,,,,,default,vilaca_2022,,ddRAD,NB500882.22.HHGJKBGXX.1,ILLUMINA,NextSeq 500
138,R0024,T136BAPDFEI,Praia do Forte,PDF,Bahia,BA,Brazil,BR,Praia do Forte,nesting,,,-12.57785374,-38.00140715,nesting,adult,F,ei,admixed,cc_ei,f1,cc,arantes_2020,,,,,Bad1,arantes_2020,,3RAD,K00302.86.H2CTHBBXX.8,ILLUMINA,HiSeq 4000
139,R0025,T137BAPDFEI,Praia do Forte,PDF,Bahia,BA,Brazil,BR,Praia do Forte,nesting,,,-12.57785374,-38.00140715,,hatchling,,ei,admixed,cc_ei,introgressed,cc,arantes_2020,,,,,default,vilaca_2022,offspring of R0024,ddRAD,NB500882.22.HHGJKBGXX.1,ILLUMINA,NextSeq 500
140,R0025,T137BAPDFEI,Praia do Forte,PDF,Bahia,BA,Brazil,BR,Praia do Forte,nesting,,,-12.57785374,-38.00140715,,hatchling,,ei,admixed,cc_ei,introgressed,cc,arantes_2020,,,,,BadgtF1,arantes_2020,offspring of R0024,3RAD,K00302.86.H2CTHBBXX.8,ILLUMINA,HiSeq 4000
141,R0027,T138RNADREI,Atol das Rocas,ADR,Rio Grande do Norte,RN,Brazil,BR,Atol das Rocas,feeding,,,-3.864769655,-33.80575412,,,,ei,,,,ei,vilaca_2022,,,,,default,vilaca_2022,,ddRAD,NB500882.22.HHGJKBGXX.1,ILLUMINA,NextSeq 500
142,R0028,T139RNADREI,Atol das Rocas,ADR,Rio Grande do Norte,RN,Brazil,BR,Atol das Rocas,feeding,,,-3.864769655,-33.80575412,pelagic,juvenile,,ei,,,,,,,,,,Bad1,arantes_unpublished,,3RAD,K00302.86.H2CTHBBXX.8,ILLUMINA,HiSeq 4000
143,R0029,T140RNADREI,Atol das Rocas,ADR,Rio Grande do Norte,RN,Brazil,BR,Atol das Rocas,feeding,,,-3.864769655,-33.80575412,,,,ei,ei,ei,pure,ei,vilaca_2022,,,,,default,vilaca_2022,,ddRAD,NB500882.22.HHGJKBGXX.1,ILLUMINA,NextSeq 500
144,R0030,T141RNADREI,Atol das Rocas,ADR,Rio Grande do Norte,RN,Brazil,BR,Atol das Rocas,feeding,,,-3.864769655,-33.80575412,,,,ei,,,,,,,,,,default,arantes_unpublished,,ddRAD,NB500882.22.HHGJKBGXX.1,ILLUMINA,NextSeq 500
145,R0031,T142RNADREI,Atol das Rocas,ADR,Rio Grande do Norte,RN,Brazil,BR,Atol das Rocas,feeding,,,-3.864769655,-33.80575412,pelagic,juvenile,,ei,ei,ei,pure,ei,vilaca_2022,,,,,default,vilaca_2022,,ddRAD,NB500882.22.HHGJKBGXX.1,ILLUMINA,NextSeq 500
146,R0031,T142RNADREI,Atol das Rocas,ADR,Rio Grande do Norte,RN,Brazil,BR,Atol das Rocas,feeding,,,-3.864769655,-33.80575412,pelagic,juvenile,,ei,ei,ei,pure,ei,vilaca_2022,,,,,Bad2,vilaca_2022,,3RAD,K00302.86.H2CTHBBXX.8,ILLUMINA,HiSeq 4000
147,R0032,T143RNADREI,Atol das Rocas,ADR,Rio Grande do Norte,RN,Brazil,BR,Atol das Rocas,feeding,,,-3.864769655,-33.80575412,,,,ei,ei,ei,pure,ei,vilaca_2022,,,,,default,vilaca_2022,,ddRAD,NB500882.22.HHGJKBGXX.1,ILLUMINA,NextSeq 500
148,R0033,T144RNADREI,Atol das Rocas,ADR,Rio Grande do Norte,RN,Brazil,BR,Atol das Rocas,feeding,,,-3.864769655,-33.80575412,,,,ei,ei,ei,pure,ei,vilaca_2022,,,,,default,vilaca_2022,,ddRAD,NB500882.22.HHGJKBGXX.1,ILLUMINA,NextSeq 500
149,R0034,T145RNADREI,Atol das Rocas,ADR,Rio Grande do Norte,RN,Brazil,BR,Atol das Rocas,feeding,,,-3.864769655,-33.80575412,,,,ei,ei,ei,pure,ei,vilaca_2022,,,,,default,vilaca_2022,,ddRAD,NB500882.22.HHGJKBGXX.1,ILLUMINA,NextSeq 500
150,R0035,T146RNADREI,Atol das Rocas,ADR,Rio Grande do Norte,RN,Brazil,BR,Atol das Rocas,feeding,,,-3.864769655,-33.80575412,,,,ei,ei,ei,pure,ei,vilaca_2022,,,,,default,vilaca_2022,,ddRAD,NB500882.22.HHGJKBGXX.1,ILLUMINA,NextSeq 500
151,R0038,T147RNADREI,Atol das Rocas,ADR,Rio Grande do Norte,RN,Brazil,BR,Atol das Rocas,feeding,,,-3.864769655,-33.80575412,,,,ei,ei,ei,pure,ei,vilaca_2022,,,,,default,vilaca_2022,,ddRAD,NB500882.22.HHGJKBGXX.1,ILLUMINA,NextSeq 500
152,R0039,T148RNADREI,Atol das Rocas,ADR,Rio Grande do Norte,RN,Brazil,BR,Atol das Rocas,feeding,,,-3.864769655,-33.80575412,,,,ei,ei,ei,pure,ei,vilaca_2022,,,,,default,vilaca_2022,,ddRAD,NB500882.22.HHGJKBGXX.1,ILLUMINA,NextSeq 500
153,R0040,T149BAPDFEI,Praia do Forte,PDF,Bahia,BA,Brazil,BR,Praia do Forte,nesting,,,-12.57785374,-38.00140715,,juvenile,,ei,ei,ei,pure,ei,vilaca_2022,,,,,default,vilaca_2022,,ddRAD,NB500882.22.HHGJKBGXX.1,ILLUMINA,NextSeq 500
154,R0053,T150BAPDFEI,Praia do Forte,PDF,Bahia,BA,Brazil,BR,Praia do Forte,nesting,,,-12.57785374,-38.00140715,,,,ei,admixed,cc_ei,f1,cc,vilaca_2022,,,,,default,vilaca_2022,,ddRAD,NB500882.22.HHGJKBGXX.1,ILLUMINA,NextSeq 500
155,R0058,T151BAPDFEI,Praia do Forte,PDF,Bahia,BA,Brazil,BR,Praia do Forte,nesting,,,-12.57785374,-38.00140715,,,,ei,admixed,cc_ei,f1,cc,vilaca_2022,,,,,default,vilaca_2022,,ddRAD,NB500882.22.HHGJKBGXX.1,ILLUMINA,NextSeq 500
156,R0061,T152BAPDFEI,Praia do Forte,PDF,Bahia,BA,Brazil,BR,Praia do Forte,nesting,,,-12.57785374,-38.00140715,pelagic,juvenile,,ei,admixed,cc_ei,f1,cc,arantes_2020,,,,,Good2,arantes_2020,,3RAD,K00302.86.H2CTHBBXX.8,ILLUMINA,HiSeq 4000
157,R0068,T153RNADREI,Atol das Rocas,ADR,Rio Grande do Norte,RN,Brazil,BR,Atol das Rocas,feeding,,,-3.864769655,-33.80575412,,,,ei,ei,ei,pure,ei,vilaca_2022,,,,,default,vilaca_2022,,ddRAD,NB500882.22.HHGJKBGXX.1,ILLUMINA,NextSeq 500
158,R0071,T154RNADREI,Atol das Rocas,ADR,Rio Grande do Norte,RN,Brazil,BR,Atol das Rocas,feeding,,,-3.864769655,-33.80575412,,,,ei,ei,ei,pure,ei,vilaca_2022,,,,,default,vilaca_2022,,ddRAD,NB500882.22.HHGJKBGXX.1,ILLUMINA,NextSeq 500
159,R0071,T154RNADREI,Atol das Rocas,ADR,Rio Grande do Norte,RN,Brazil,BR,Atol das Rocas,feeding,,,-3.864769655,-33.80575412,pelagic,juvenile,,ei,ei,ei,pure,ei,vilaca_2022,,,,,Bad1,vilaca_2022,,3RAD,K00302.86.H2CTHBBXX.8,ILLUMINA,HiSeq 4000
160,R0077,T155BAABPEI,Arembepe,ABP,Bahia,BA,Brazil,BR,Arembepe,nesting,,,-12.76264494,-38.1682294,nesting,adult,F,ei,admixed,cc_ei,f1,cc,arantes_2020,,,,,Good1,arantes_2020,,3RAD,K00302.86.H2CTHBBXX.8,ILLUMINA,HiSeq 4000
161,R0078,T156BAABPEI,Arembepe,ABP,Bahia,BA,Brazil,BR,Arembepe,nesting,,,-12.76264494,-38.1682294,nesting,adult,F,ei,admixed,cc_ei,f1,cc,arantes_2020,,,,,Good2,arantes_2020,,3RAD,K00302.86.H2CTHBBXX.8,ILLUMINA,HiSeq 4000
162,R0080,T157BAABPEI,Arembepe,ABP,Bahia,BA,Brazil,BR,Arembepe,nesting,,,-12.76264494,-38.1682294,nesting,adult,F,ei,admixed,cc_ei,f1,cc,arantes_2020,,,,,Good1,arantes_2020,,3RAD,K00302.86.H2CTHBBXX.8,ILLUMINA,HiSeq 4000
163,R0081,T158BAABPEI,Arembepe,ABP,Bahia,BA,Brazil,BR,Arembepe,nesting,,,-12.76264494,-38.1682294,,,F,ei,,,,ei,vilaca_2022,,,,,default,vilaca_2022,,ddRAD,NB500882.22.HHGJKBGXX.1,ILLUMINA,NextSeq 500
164,R0083,T159BAABPEI,Arembepe,ABP,Bahia,BA,Brazil,BR,Arembepe,nesting,,,-12.76264494,-38.1682294,nesting,adult,F,ei,admixed,ei_lo,f1,lo,arantes_2020,,,,,Good1,arantes_2020,,3RAD,K00302.86.H2CTHBBXX.8,ILLUMINA,HiSeq 4000
165,R0084,T160BAABPEI,Arembepe,ABP,Bahia,BA,Brazil,BR,Arembepe,nesting,,,-12.76264494,-38.1682294,nesting,adult,F,ei,admixed,cc_ei,f1,cc,arantes_2020,,,,,Good1,arantes_2020,,3RAD,K00302.86.H2CTHBBXX.8,ILLUMINA,HiSeq 4000
166,R0085,T161BAABPEI,Arembepe,ABP,Bahia,BA,Brazil,BR,Arembepe,nesting,,,-12.76264494,-38.1682294,nesting,adult,F,ei,admixed,cc_ei,f1,cc,arantes_2020,,,,,Good2,arantes_2020,,3RAD,K00302.86.H2CTHBBXX.8,ILLUMINA,HiSeq 4000
167,R0089,T162BAABPEI,Arembepe,ABP,Bahia,BA,Brazil,BR,Arembepe,nesting,,,-12.76264494,-38.1682294,,adult,F,ei,,,,ei,vilaca_2022,,,,,default,vilaca_2022,,ddRAD,NB500882.22.HHGJKBGXX.1,ILLUMINA,NextSeq 500
168,R0096,T163PEFDNEI,Fernando de Noronha,FDN,Pernambuco,PE,Brazil,BR,Fernando de Noronha,feeding,,,-3.85375,-32.419802,pelagic,juvenile,,ei,,,,,,,,,,Bad1,arantes_unpublished,,3RAD,K00302.86.H2CTHBBXX.8,ILLUMINA,HiSeq 4000
169,R0102,T164PEFDNEI,Fernando de Noronha,FDN,Pernambuco,PE,Brazil,BR,Fernando de Noronha,feeding,,,-3.85375,-32.419802,pelagic,juvenile,,ei,ei,ei,pure,ei,arantes_2020b,,,,,Good2,arantes_2020b,,3RAD,K00302.86.H2CTHBBXX.8,ILLUMINA,HiSeq 4000
170,R0129,T165PEFDNEI,Fernando de Noronha,FDN,Pernambuco,PE,Brazil,BR,Fernando de Noronha,feeding,,,-3.85375,-32.419802,pelagic,juvenile,,ei,ei,ei,pure,ei,arantes_2020b,,,,,Bad2,arantes_2020b,,3RAD,K00302.86.H2CTHBBXX.8,ILLUMINA,HiSeq 4000
171,R0141,T166SEPIREI,Pirambu,PIR,Sergipe,SE,Brazil,BR,Pirambu,nesting,,,-10.740856,-36.859125,pelagic,adult,,ei,admixed,cc_ei,f1,cc,arantes_2020,,,,,default,vilaca_2022,"wild, wounded, died",ddRAD,NB500882.22.HHGJKBGXX.1,ILLUMINA,NextSeq 500
172,R0141,T166SEPIREI,Pirambu,PIR,Sergipe,SE,Brazil,BR,Pirambu,nesting,,,-10.740856,-36.859125,pelagic,adult,,ei,admixed,cc_ei,f1,cc,arantes_2020,,,,,Bad1,arantes_2020,"wild, wounded, died",3RAD,K00302.86.H2CTHBBXX.8,ILLUMINA,HiSeq 4000
173,R0152,T167SEPIREI,Pirambu,PIR,Sergipe,SE,Brazil,BR,Pirambu,nesting,,,-10.740856,-36.859125,,adult,F,ei,,,,,,,,,,Bad1,arantes_unpublished,,3RAD,K00302.86.H2CTHBBXX.8,ILLUMINA,HiSeq 4000
174,R0153,T168SEPIREI,Pirambu,PIR,Sergipe,SE,Brazil,BR,Pirambu,nesting,,,-10.740856,-36.859125,pelagic,adult,,ei,admixed,cc_ei,f1,cc,arantes_2020,,,,,Bad1,arantes_2020,,3RAD,K00302.86.H2CTHBBXX.8,ILLUMINA,HiSeq 4000
175,R0154,T169SEPIREI,Pirambu,PIR,Sergipe,SE,Brazil,BR,Pirambu,nesting,,,-10.740856,-36.859125,,adult,F,ei,,,,cc,vilaca_2022,,,,,default,vilaca_2022,,ddRAD,NB500882.22.HHGJKBGXX.1,ILLUMINA,NextSeq 500
176,R0154,T169SEPIREI,Pirambu,PIR,Sergipe,SE,Brazil,BR,Pirambu,nesting,,,-10.740856,-36.859125,,adult,F,ei,,,,,,,,,,Bad1,arantes_unpublished,,3RAD,K00302.86.H2CTHBBXX.8,ILLUMINA,HiSeq 4000
177,R0155,T170RNNATEI,Natal,NAT,Rio Grande do Norte,RN,Brazil,BR,Natal,nesting,,,-5.817156622,-35.1808959,,,F,ei,ei,ei,pure,ei,vilaca_2022,,,,,default,vilaca_2022,,ddRAD,NB500882.22.HHGJKBGXX.1,ILLUMINA,NextSeq 500
178,R0166,T171RNNATEI,Natal,NAT,Rio Grande do Norte,RN,Brazil,BR,Natal,nesting,,,-5.817156622,-35.1808959,,,F,ei,,,,ei,vilaca_2022,,,,,default,vilaca_2022,,ddRAD,NB500882.22.HHGJKBGXX.1,ILLUMINA,NextSeq 500
179,R0167,T172RJCMPEI,Campos,CMP,Rio de Janeiro,RJ,Brazil,BR,Campos,nesting,,,-22.39189624,-41.77488155,,juvenile,,ei,,,,,,,,,,Bad1,arantes_unpublished,,3RAD,K00302.86.H2CTHBBXX.8,ILLUMINA,HiSeq 4000
180,R0168,T173BAABPEI,Arembepe,ABP,Bahia,BA,Brazil,BR,Itapuã,nesting,,,-12.76264494,-38.1682294,,,M,ei,,,,ei,vilaca_2022,,,,,default,vilaca_2022,stranded,ddRAD,NB500882.22.HHGJKBGXX.1,ILLUMINA,NextSeq 500
181,R0169,T174BAABPEI,Arembepe,ABP,Bahia,BA,Brazil,BR,Santa Maria,nesting,,,-12.76264494,-38.1682294,,,,ei,ei,ei,pure,ei,vilaca_2022,,,,,default,vilaca_2022,stranded,ddRAD,NB500882.22.HHGJKBGXX.1,ILLUMINA,NextSeq 500
182,R0177,T175BACDSEI,Costa do Sauípe,CDS,Bahia,BA,Brazil,BR,Costa do Sauípe,nesting,,,-12.44384983,-37.92129029,nesting,adult,F,ei,admixed,cc_ei,f1,cc,arantes_2020,,,,,Bad1,arantes_2020,,3RAD,K00302.86.H2CTHBBXX.8,ILLUMINA,HiSeq 4000
183,R0180,T176BAABPEI,Arembepe,ABP,Bahia,BA,Brazil,BR,Arembepe,nesting,,,-12.76264494,-38.1682294,nesting,adult,F,ei,admixed,ei_lo,f1,lo,arantes_2020,,,,,Bad1,arantes_2020,,3RAD,K00302.86.H2CTHBBXX.8,ILLUMINA,HiSeq 4000
184,R0180,T176BAABPEI,Arembepe,ABP,Bahia,BA,Brazil,BR,Arembepe,nesting,,,-12.76264494,-38.1682294,nesting,adult,F,ei,admixed,ei_lo,f1,lo,arantes_2020,,,,,Bad3,arantes_2020,,3RAD,K00302.86.H2CTHBBXX.8,ILLUMINA,HiSeq 4000
185,R0181,T177BAABPEI,Arembepe,ABP,Bahia,BA,Brazil,BR,Santa Maria,nesting,,,-12.76264494,-38.1682294,nesting,adult,F,ei,admixed,cc_ei,f1,cc,arantes_2020,,,,,Bad1,arantes_2020,fibropapillomas,3RAD,K00302.86.H2CTHBBXX.8,ILLUMINA,HiSeq 4000
186,R0181,T177BAABPEI,Arembepe,ABP,Bahia,BA,Brazil,BR,Santa Maria,nesting,,,-12.76264494,-38.1682294,nesting,adult,F,ei,admixed,cc_ei,f1,cc,arantes_2020,,,,,Bad3,arantes_2020,fibropapillomas,3RAD,K00302.86.H2CTHBBXX.8,ILLUMINA,HiSeq 4000
187,R0186,T178BAABPEI,Arembepe,ABP,Bahia,BA,Brazil,BR,Busca Vida,nesting,,,-12.76264494,-38.1682294,nesting,adult,F,ei,admixed,cc_ei,f1,cc,vilaca_2022,,,,,default,vilaca_2022,tracking device,ddRAD,NB500882.22.HHGJKBGXX.1,ILLUMINA,NextSeq 500
188,R0187,T179BAABPEI,Arembepe,ABP,Bahia,BA,Brazil,BR,Busca Vida,nesting,,,-12.76264494,-38.1682294,nesting,adult,F,ei,admixed,cc_ei,f1,cc,vilaca_2022,,,,,default,vilaca_2022,tracking device,ddRAD,NB500882.22.HHGJKBGXX.1,ILLUMINA,NextSeq 500
189,R0189,T180BAABPEI,Arembepe,ABP,Bahia,BA,Brazil,BR,Jauá,nesting,,,-12.76264494,-38.1682294,nesting,adult,F,ei,admixed,cc_ei,f1,cc,vilaca_2022,,,,,default,vilaca_2022,tracking device,ddRAD,NB500882.22.HHGJKBGXX.1,ILLUMINA,NextSeq 500
190,R0196,T181BAABPEI,Arembepe,ABP,Bahia,BA,Brazil,BR,Arembepe Incubator,nesting,,,-12.76264494,-38.1682294,,hatchling,,admixed,admixed,cc_ei,introgressed,cc,arantes_2020,,,,,BadgtF1,arantes_2020,,3RAD,K00302.86.H2CTHBBXX.8,ILLUMINA,HiSeq 4000
191,R0197,T182BAABPEI,Arembepe,ABP,Bahia,BA,Brazil,BR,Busca Vida,nesting,,,-12.76264494,-38.1682294,nesting,adult,F,ei,admixed,cc_ei,f1,cc,arantes_2020,,,,,Good2,arantes_2020,,3RAD,K00302.86.H2CTHBBXX.8,ILLUMINA,HiSeq 4000
192,R0201,T183BAABPEI,Arembepe,ABP,Bahia,BA,Brazil,BR,Arembepe,nesting,,,-12.76264494,-38.1682294,nesting,adult,F,ei,admixed,cc_ei,f1,cc,vilaca_2022,,,,,default,vilaca_2022,,ddRAD,NB500882.22.HHGJKBGXX.1,ILLUMINA,NextSeq 500
193,R0202,T184BAABPEI,Arembepe,ABP,Bahia,BA,Brazil,BR,Busca Vida,nesting,,,-12.76264494,-38.1682294,nesting,adult,F,ei,admixed,cc_ei,f1,cc,vilaca_2022,,,,,default,vilaca_2022,,ddRAD,NB500882.22.HHGJKBGXX.1,ILLUMINA,NextSeq 500
194,R0207,T185BAABPEI,Arembepe,ABP,Bahia,BA,Brazil,BR,Santa Maria,nesting,,,-12.76264494,-38.1682294,nesting,adult,F,ei,,,,,,,,,,default,arantes_unpublished,,ddRAD,NB500882.22.HHGJKBGXX.1,ILLUMINA,NextSeq 500
195,R0218,T186BAPDFEI,Praia do Forte,PDF,Bahia,BA,Brazil,BR,Guarajuba,nesting,,,-12.57785374,-38.00140715,,,,ei,ei,ei,pure,ei,vilaca_2022,,,,,default,vilaca_2022,tracking device,ddRAD,NB500882.22.HHGJKBGXX.1,ILLUMINA,NextSeq 500
196,R0219,T187BAABPEI,Arembepe,ABP,Bahia,BA,Brazil,BR,Santa Maria,nesting,,,-12.76264494,-38.1682294,,,,ei,ei,ei,pure,ei,vilaca_2022,,,,,default,vilaca_2022,tracking device,ddRAD,NB500882.22.HHGJKBGXX.1,ILLUMINA,NextSeq 500
197,R0227,T188RNADREI,Atol das Rocas,ADR,Rio Grande do Norte,RN,Brazil,BR,Atol das Rocas,feeding,,,-3.864769655,-33.80575412,pelagic,juvenile,,ei,,,,,,,,,,Bad1,arantes_unpublished,,3RAD,K00302.86.H2CTHBBXX.8,ILLUMINA,HiSeq 4000
198,R0229,T189RNADREI,Atol das Rocas,ADR,Rio Grande do Norte,RN,Brazil,BR,Atol das Rocas,feeding,,,-3.864769655,-33.80575412,pelagic,juvenile,,ei,,,,,,,,,,Bad1,arantes_unpublished,,3RAD,K00302.86.H2CTHBBXX.8,ILLUMINA,HiSeq 4000
199,R0241,T190RNADREI,Atol das Rocas,ADR,Rio Grande do Norte,RN,Brazil,BR,Atol das Rocas,feeding,,,-3.864769655,-33.80575412,,,,ei,,,,ei,vilaca_2022,,,,,default,vilaca_2022,,ddRAD,NB500882.22.HHGJKBGXX.1,ILLUMINA,NextSeq 500
200,R0242,T191RNADREI,Atol das Rocas,ADR,Rio Grande do Norte,RN,Brazil,BR,Atol das Rocas,feeding,,,-3.864769655,-33.80575412,pelagic,juvenile,,ei,,,,,,,,,,Bad1,arantes_unpublished,,3RAD,K00302.86.H2CTHBBXX.8,ILLUMINA,HiSeq 4000
201,R0263,T192BAPDFEI,Praia do Forte,PDF,Bahia,BA,Brazil,BR,Praia do Forte,nesting,,,-12.57785374,-38.00140715,,,,ei,,,,,,,,,,default,arantes_unpublished,,ddRAD,NB500882.22.HHGJKBGXX.1,ILLUMINA,NextSeq 500
202,R0264,T193BAPDFEI,Praia do Forte,PDF,Bahia,BA,Brazil,BR,Praia do Forte,nesting,,,-12.57785374,-38.00140715,,hatchling,,admixed,admixed,cc_ei_cm,introgressed,cc,arantes_2020,,,,,Bad3,arantes_2020,"siblings from the same nest (R0264, R0265, R0267, R0268)",3RAD,K00302.86.H2CTHBBXX.8,ILLUMINA,HiSeq 4000
203,R0264,T193BAPDFEI,Praia do Forte,PDF,Bahia,BA,Brazil,BR,Praia do Forte,nesting,,,-12.57785374,-38.00140715,,hatchling,,admixed,admixed,cc_ei_cm,introgressed,cc,arantes_2020,,,,,BadgtF1,arantes_2020,"siblings from the same nest (R0264, R0265, R0267, R0268)",3RAD,K00302.86.H2CTHBBXX.8,ILLUMINA,HiSeq 4000
204,R0265,T194BAPDFEI,Praia do Forte,PDF,Bahia,BA,Brazil,BR,Praia do Forte,nesting,,,-12.57785374,-38.00140715,,hatchling,,admixed,admixed,cc_ei_cm,introgressed,cc,arantes_2020,,,,,BadgtF1,arantes_2020,"siblings from the same nest (R0264, R0265, R0267, R0268)",3RAD,K00302.86.H2CTHBBXX.8,ILLUMINA,HiSeq 4000
205,R0267,T195BAPDFEI,Praia do Forte,PDF,Bahia,BA,Brazil,BR,Praia do Forte,nesting,,,-12.57785374,-38.00140715,,hatchling,,admixed,admixed,cc_ei_cm,introgressed,cc,arantes_2020,,,,,BadgtF1,arantes_2020,"siblings from the same nest (R0264, R0265, R0267, R0268)",3RAD,K00302.86.H2CTHBBXX.8,ILLUMINA,HiSeq 4000
206,R0268,T196BAPDFEI,Praia do Forte,PDF,Bahia,BA,Brazil,BR,Praia do Forte,nesting,,,-12.57785374,-38.00140715,,hatchling,,admixed,admixed,cc_ei_cm,introgressed,cc,arantes_2020,,,,,Bad3,arantes_2020,"siblings from the same nest (R0264, R0265, R0267, R0268)",3RAD,K00302.86.H2CTHBBXX.8,ILLUMINA,HiSeq 4000
207,R0268,T196BAPDFEI,Praia do Forte,PDF,Bahia,BA,Brazil,BR,Praia do Forte,nesting,,,-12.57785374,-38.00140715,,hatchling,,admixed,admixed,cc_ei_cm,introgressed,cc,arantes_2020,,,,,BadgtF1,arantes_2020,"siblings from the same nest (R0264, R0265, R0267, R0268)",3RAD,K00302.86.H2CTHBBXX.8,ILLUMINA,HiSeq 4000
208,R0269,T197SAERGCC,Elevação do Rio Grande,ERG,Southeast Atlantic,SA,Brazil,BR,Elevação do Rio Grande,feeding,,,-30.951527,-35.00803124,pelagic,juvenile,,cc,,,,,,,,,,Bad2,arantes_unpublished,fishing,3RAD,K00302.86.H2CTHBBXX.8,ILLUMINA,HiSeq 4000
209,R0270,T198SAERGCC,Elevação do Rio Grande,ERG,Southeast Atlantic,SA,Brazil,BR,Elevação do Rio Grande,feeding,,,-30.951527,-35.00803124,pelagic,juvenile,,cc,,,,,,,,,,Bad2,arantes_unpublished,fishing,3RAD,K00302.86.H2CTHBBXX.8,ILLUMINA,HiSeq 4000
210,R0274,T199SAERGCC,Elevação do Rio Grande,ERG,Southeast Atlantic,SA,Brazil,BR,Elevação do Rio Grande,feeding,-20.7672,-32.8711,,,pelagic,juvenile,,cc,cc,cc,pure,cc,arantes_2020b,,,,,Bad2,arantes_2020b,fishing,3RAD,K00302.86.H2CTHBBXX.8,ILLUMINA,HiSeq 4000
211,R0275,T200SAERGCC,Elevação do Rio Grande,ERG,Southeast Atlantic,SA,Brazil,BR,Elevação do Rio Grande,feeding,-34.7961,-30.5544,,,pelagic,juvenile,,cc,cc,cc,pure,cc,arantes_2020b,,,,,Bad2,arantes_2020b,fishing,3RAD,K00302.86.H2CTHBBXX.8,ILLUMINA,HiSeq 4000
212,R0276,T201SAERGCC,Elevação do Rio Grande,ERG,Southeast Atlantic,SA,Brazil,BR,Elevação do Rio Grande,feeding,-31.2667,-40.4667,,,pelagic,juvenile,,cc,cc,cc,pure,cc,vilaca_2022,,,,,default,vilaca_2022,fishing,ddRAD,NB500882.22.HHGJKBGXX.1,ILLUMINA,NextSeq 500
213,R0276,T201SAERGCC,Elevação do Rio Grande,ERG,Southeast Atlantic,SA,Brazil,BR,Elevação do Rio Grande,feeding,-31.2667,-40.4667,,,pelagic,juvenile,,cc,cc,cc,pure,cc,vilaca_2022,,,,,Good2,vilaca_2022,fishing,3RAD,K00302.86.H2CTHBBXX.8,ILLUMINA,HiSeq 4000
214,R0280,T202SAERGCC,Elevação do Rio Grande,ERG,Southeast Atlantic,SA,Brazil,BR,Elevação do Rio Grande,feeding,-34.8039,-30.5631,,,pelagic,juvenile,,cc,,,,,,,,,,Bad2,arantes_unpublished,fishing,3RAD,K00302.86.H2CTHBBXX.8,ILLUMINA,HiSeq 4000
215,R0285,T203SAERGCC,Elevação do Rio Grande,ERG,Southeast Atlantic,SA,Brazil,BR,Elevação do Rio Grande,feeding,,,-30.951527,-35.00803124,pelagic,juvenile,,cc,,,,,,,,,,Bad1,arantes_unpublished,fishing,3RAD,K00302.86.H2CTHBBXX.8,ILLUMINA,HiSeq 4000
216,R0286,T204SAERGCC,Elevação do Rio Grande,ERG,Southeast Atlantic,SA,Brazil,BR,Elevação do Rio Grande,feeding,,,-30.951527,-35.00803124,pelagic,juvenile,,cc,,,,,,,,,,Bad2,arantes_unpublished,fishing,3RAD,K00302.86.H2CTHBBXX.8,ILLUMINA,HiSeq 4000
217,R0286,T204SAERGCC,Elevação do Rio Grande,ERG,Southeast Atlantic,SA,Brazil,BR,Elevação do Rio Grande,feeding,,,-30.951527,-35.00803124,pelagic,juvenile,,cc,,,,,,,,,,Bad3,arantes_unpublished,fishing,3RAD,K00302.86.H2CTHBBXX.8,ILLUMINA,HiSeq 4000
218,R0287,T205SAERGCC,Elevação do Rio Grande,ERG,Southeast Atlantic,SA,Brazil,BR,Elevação do Rio Grande,feeding,,,-30.951527,-35.00803124,pelagic,juvenile,,cc,,,,,,,,,,Good2,arantes_unpublished,fishing,3RAD,K00302.86.H2CTHBBXX.8,ILLUMINA,HiSeq 4000
219,R0288,T206SAERGCC,Elevação do Rio Grande,ERG,Southeast Atlantic,SA,Brazil,BR,Elevação do Rio Grande,feeding,,,-30.951527,-35.00803124,,,,cc,cc,cc,pure,cc,vilaca_2022,,,,,default,vilaca_2022,fishing,ddRAD,NB500882.22.HHGJKBGXX.1,ILLUMINA,NextSeq 500
220,R0292,T207SAERGCC,Elevação do Rio Grande,ERG,Southeast Atlantic,SA,Brazil,BR,Elevação do Rio Grande,feeding,,,-30.951527,-35.00803124,,,,cc,cc,cc,pure,cc,vilaca_2022,,,,,default,vilaca_2022,fishing,ddRAD,NB500882.22.HHGJKBGXX.1,ILLUMINA,NextSeq 500
221,R0293,T208SAERGCC,Elevação do Rio Grande,ERG,Southeast Atlantic,SA,Brazil,BR,Elevação do Rio Grande,feeding,,,-30.951527,-35.00803124,,,,cc,cc,cc,pure,cc,vilaca_2022,,,,,default,vilaca_2022,fishing,ddRAD,NB500882.22.HHGJKBGXX.1,ILLUMINA,NextSeq 500
222,R0295,T209SAERGCC,Elevação do Rio Grande,ERG,Southeast Atlantic,SA,Brazil,BR,Elevação do Rio Grande,feeding,,,-30.951527,-35.00803124,,,,cc,cc,cc,pure,cc,vilaca_2022,,,,,default,vilaca_2022,fishing,ddRAD,NB500882.22.HHGJKBGXX.1,ILLUMINA,NextSeq 500
223,R0297,T210SAERGCC,Elevação do Rio Grande,ERG,Southeast Atlantic,SA,Brazil,BR,Elevação do Rio Grande,feeding,,,-30.951527,-35.00803124,,,,cc,cc,cc,pure,cc,vilaca_2022,,,,,default,vilaca_2022,fishing,ddRAD,NB500882.22.HHGJKBGXX.1,ILLUMINA,NextSeq 500
224,R0302,T211SAERGCC,Elevação do Rio Grande,ERG,Southeast Atlantic,SA,Brazil,BR,Elevação do Rio Grande,feeding,,,-30.951527,-35.00803124,,,,cc,,,,,,,,,,default,arantes_unpublished,fishing,ddRAD,NB500882.22.HHGJKBGXX.1,ILLUMINA,NextSeq 500
225,R0303,T212SAERGCC,Elevação do Rio Grande,ERG,Southeast Atlantic,SA,Brazil,BR,Elevação do Rio Grande,feeding,,,-30.951527,-35.00803124,,,,cc,cc,cc,pure,cc,vilaca_2022,,,,,default,vilaca_2022,fishing,ddRAD,NB500882.22.HHGJKBGXX.1,ILLUMINA,NextSeq 500
226,R0304,T213SAERGCC,Elevação do Rio Grande,ERG,Southeast Atlantic,SA,Brazil,BR,Elevação do Rio Grande,feeding,,,-30.951527,-35.00803124,,,,cc,cc,cc,pure,cc,vilaca_2022,,,,,default,vilaca_2022,fishing,ddRAD,NB500882.22.HHGJKBGXX.1,ILLUMINA,NextSeq 500
227,R0306,T214SAERGCC,Elevação do Rio Grande,ERG,Southeast Atlantic,SA,Brazil,BR,Elevação do Rio Grande,feeding,,,-30.951527,-35.00803124,,,,cc,cc,cc,pure,cc,vilaca_2022,,,,,default,vilaca_2022,"fishing, only one flipper",ddRAD,NB500882.24.HVM3VBGXX.1,ILLUMINA,NextSeq 500
228,R0331,T215SAERGCC,Elevação do Rio Grande,ERG,Southeast Atlantic,SA,Brazil,BR,Elevação do Rio Grande,feeding,,,-30.951527,-35.00803124,,,,cc,cc,cc,pure,cc,vilaca_2022,,,,,default,vilaca_2022,fishing,ddRAD,NB500882.24.HVM3VBGXX.1,ILLUMINA,NextSeq 500
229,R0335,T216SAERGCC,Elevação do Rio Grande,ERG,Southeast Atlantic,SA,Brazil,BR,Elevação do Rio Grande,feeding,,,-30.951527,-35.00803124,pelagic,juvenile,,cc,,,,,,,,,,Bad2,arantes_unpublished,fishing,3RAD,K00302.86.H2CTHBBXX.8,ILLUMINA,HiSeq 4000
230,Cm245,T217GPMAGCM,Marie-Galante,MAG,Guadeloupe,GP,Guadeloupe,GP,Marie-Galante,nesting,,,15.93294596,-61.19610031,,adult,,cm,cm,,,,,,,,,default,vilaca_2022,no reads available,ddRAD,NB500882.24.HVM3VBGXX.1,ILLUMINA,NextSeq 500
231,R340,T218GPGUACM,Guadeloupe,GUA,Guadeloupe,GP,Guadeloupe,GP,Guadeloupe,,,,15.93294596,-61.19610031,,,,cm,cm,cm,pure,,vilaca_2022,,,,,default,vilaca_2022,,3RAD,K00302.86.H2CTHBBXX.8,ILLUMINA,HiSeq 4000
232,R0343,T219SAERGCC,Elevação do Rio Grande,ERG,Southeast Atlantic,SA,Brazil,BR,Elevação do Rio Grande,feeding,,,-30.951527,-35.00803124,,,,cc,,,,,,,,,,default,arantes_unpublished,fishing,ddRAD,NB500882.22.HHGJKBGXX.1,ILLUMINA,NextSeq 500
233,R0365,T220SAERGCC,Elevação do Rio Grande,ERG,Southeast Atlantic,SA,Brazil,BR,Elevação do Rio Grande,feeding,-28.212,-46.2364,,,pelagic,juvenile,,cc,,,,,,,,,,Bad2,arantes_unpublished,fishing,3RAD,K00302.86.H2CTHBBXX.8,ILLUMINA,HiSeq 4000
234,R0370,T221SAERGCC,Elevação do Rio Grande,ERG,Southeast Atlantic,SA,Brazil,BR,Elevação do Rio Grande,feeding,,,-30.951527,-35.00803124,,,,cc,,,,,,,,,,default,vilaca_2022,fishing,ddRAD,NB500882.22.HHGJKBGXX.1,ILLUMINA,NextSeq 500
235,R375,T222MQLLRCM,Le Lorrain,LLR,Martinique,MQ,Martinique,MQ,Le Lorrain,,,,14.84366377,-61.07114258,,adult,,cm,cm,cm,pure,,vilaca_2022,,,,,default,vilaca_2022,,ddRAD,NB500882.24.HVM3VBGXX.1,ILLUMINA,NextSeq 500
236,R0381,T223SAERGCC,Elevação do Rio Grande,ERG,Southeast Atlantic,SA,Brazil,BR,Elevação do Rio Grande,feeding,,,-30.951527,-35.00803124,pelagic,juvenile,,cc,,,,,,,,,,Good2,arantes_unpublished,fishing,3RAD,K00302.86.H2CTHBBXX.8,ILLUMINA,HiSeq 4000
237,R0382,T224SAERGCC,Elevação do Rio Grande,ERG,Southeast Atlantic,SA,Brazil,BR,Elevação do Rio Grande,feeding,,,-30.951527,-35.00803124,pelagic,juvenile,,cc,,,,,,,,,,Bad2,arantes_unpublished,fishing,3RAD,K00302.86.H2CTHBBXX.8,ILLUMINA,HiSeq 4000
238,R0384,T225SPUBTCC,Ubatuba,UBT,São Paulo,SP,Brazil,BR,Ubatuba,feeding,,,-23.45186303,-45.06418755,pelagic,juvenile,,cc,admixed,cc_lo,f1,lo,arantes_2020,,,,,Bad1,arantes_2020,stranded,3RAD,K00302.86.H2CTHBBXX.8,ILLUMINA,HiSeq 4000
239,SE63,T226RJBCMCC,Bacia de Campos,BCM,Rio de Janeiro,RJ,Brazil,BR,Farol,nesting,,,-22.04260698,-41.05681421,nesting,adult,F,cc,,,,,,,,,2003-11-28T00:00:00-03:00,Good2,arantes_unpublished,UERJ,3RAD,K00302.86.H2CTHBBXX.8,ILLUMINA,HiSeq 4000
240,SE64,T227RJBCMCC,Bacia de Campos,BCM,Rio de Janeiro,RJ,Brazil,BR,Farol,nesting,,,-22.04260698,-41.05681421,nesting,adult,F,cc,,,,,,,,,2003-12-01T00:00:00-03:00,Bad2,arantes_unpublished,UERJ,3RAD,K00302.86.H2CTHBBXX.8,ILLUMINA,HiSeq 4000
241,SE64,T227RJBCMCC,Bacia de Campos,BCM,Rio de Janeiro,RJ,Brazil,BR,Farol,nesting,,,-22.04260698,-41.05681421,nesting,adult,F,cc,,,,,,,,,2003-12-01T00:00:00-03:00,Bad3,arantes_unpublished,UERJ,3RAD,K00302.86.H2CTHBBXX.8,ILLUMINA,HiSeq 4000
242,SE65,T228SEPIRCC,Pirambu,PIR,Sergipe,SE,Brazil,BR,Pirambu,nesting,,,-10.740856,-36.859125,nesting,adult,F,cc,,,,,,,,,2004-10-16T00:00:00-03:00,Good2,arantes_unpublished,UERJ,3RAD,K00302.86.H2CTHBBXX.8,ILLUMINA,HiSeq 4000
243,SE68,T229SEPIRCC,Pirambu,PIR,Sergipe,SE,Brazil,BR,Pirambu,nesting,,,-10.740856,-36.859125,nesting,adult,F,cc,,,,,,,,,2004-11-16T00:00:00-03:00,Good2,arantes_unpublished,UERJ,3RAD,K00302.86.H2CTHBBXX.8,ILLUMINA,HiSeq 4000
244,SE71,T230SEPIRCC,Pirambu,PIR,Sergipe,SE,Brazil,BR,Pirambu,nesting,,,-10.740856,-36.859125,nesting,adult,F,cc,,,,,,,,,2004-11-28T00:00:00-03:00,Good2,arantes_unpublished,UERJ,3RAD,K00302.86.H2CTHBBXX.8,ILLUMINA,HiSeq 4000
245,SE74,T231SEPIRCC,Pirambu,PIR,Sergipe,SE,Brazil,BR,Pirambu,nesting,,,-10.740856,-36.859125,nesting,adult,F,cc,,,,,,,,,2005-01-04T00:00:00-03:00,Bad1,arantes_unpublished,UERJ,3RAD,K00302.86.H2CTHBBXX.8,ILLUMINA,HiSeq 4000
246,SE77,T232SEPIRAD,Pirambu,PIR,Sergipe,SE,Brazil,BR,Pirambu,nesting,,,-10.740856,-36.859125,nesting,adult,F,admixed,,,,,,,,,2005-02-10T00:00:00-03:00,Good1,arantes_unpublished,"UERJ, lo behaviour",3RAD,K00302.86.H2CTHBBXX.8,ILLUMINA,HiSeq 4000
247,SE79,T233SEPIRCC,Pirambu,PIR,Sergipe,SE,Brazil,BR,Pirambu,nesting,,,-10.740856,-36.859125,nesting,adult,F,cc,,,,,,,,,2005-02-28T00:00:00-03:00,Bad1,arantes_unpublished,UERJ,3RAD,K00302.86.H2CTHBBXX.8,ILLUMINA,HiSeq 4000
248,SE79,T233SEPIRCC,Pirambu,PIR,Sergipe,SE,Brazil,BR,Pirambu,nesting,,,-10.740856,-36.859125,nesting,adult,F,cc,,,,,,,,,2005-02-28T00:00:00-03:00,Bad3,arantes_unpublished,UERJ,3RAD,K00302.86.H2CTHBBXX.8,ILLUMINA,HiSeq 4000
249,SE81,T234RJBCMCC,Bacia de Campos,BCM,Rio de Janeiro,RJ,Brazil,BR,Farol,nesting,,,-22.04260698,-41.05681421,nesting,adult,F,cc,,,,,,,,,2005-11-17T00:00:00-03:00,Bad2,arantes_unpublished,UERJ,3RAD,K00302.86.H2CTHBBXX.8,ILLUMINA,HiSeq 4000
250,SE82,T235RJBCMCC,Bacia de Campos,BCM,Rio de Janeiro,RJ,Brazil,BR,Farol,nesting,,,-22.04260698,-41.05681421,nesting,adult,F,cc,cc,cc,pure,cc,arantes_2020b,,,,2006-01-11T00:00:00-03:00,Good2,arantes_2020b,UERJ,3RAD,K00302.86.H2CTHBBXX.8,ILLUMINA,HiSeq 4000
251,SE91,T236SEPIRCC,Pirambu,PIR,Sergipe,SE,Brazil,BR,Pirambu,nesting,,,-10.740856,-36.859125,nesting,adult,F,cc,,,,,,,,,2005-10-27T00:00:00-03:00,Bad2,arantes_unpublished,UERJ,3RAD,K00302.86.H2CTHBBXX.8,ILLUMINA,HiSeq 4000
252,SE93,T237SEPIRCC,Pirambu,PIR,Sergipe,SE,Brazil,BR,Pirambu,nesting,,,-10.740856,-36.859125,nesting,adult,F,cc,,,,,,,,,2005-10-31T00:00:00-03:00,Good1,arantes_unpublished,UERJ,3RAD,K00302.86.H2CTHBBXX.8,ILLUMINA,HiSeq 4000
253,SE95,T238SEABACC,Abaís,ABA,Sergipe,SE,Brazil,BR,Abaís,nesting,,,-11.27510937,-37.24983868,nesting,adult,F,cc,,,,,,,,,2005-11-06T00:00:00-03:00,Bad2,arantes_unpublished,UERJ,3RAD,K00302.86.H2CTHBBXX.8,ILLUMINA,HiSeq 4000
254,SE96,T239SEABACC,Abaís,ABA,Sergipe,SE,Brazil,BR,Abaís,nesting,,,-11.27510937,-37.24983868,nesting,adult,F,cc,,,,,,,,,2005-11-08T00:00:00-03:00,Bad1,arantes_unpublished,UERJ,3RAD,K00302.86.H2CTHBBXX.8,ILLUMINA,HiSeq 4000
255,SE103,T240SEPDMCC,Ponta dos Mangues,PDM,Sergipe,SE,Brazil,BR,Ponta dos Mangues,nesting,,,-10.55809134,-36.56990584,nesting,adult,F,cc,,,,,,,,,2005-12-13T00:00:00-03:00,Good2,arantes_unpublished,UERJ,3RAD,K00302.86.H2CTHBBXX.8,ILLUMINA,HiSeq 4000
256,SE105,T241SEPIRCC,Pirambu,PIR,Sergipe,SE,Brazil,BR,Pirambu,nesting,,,-10.740856,-36.859125,nesting,adult,F,cc,cc,cc,pure,cc,arantes_2020b,,,,2005-12-31T00:00:00-03:00,Good2,arantes_2020b,UERJ,3RAD,K00302.86.H2CTHBBXX.8,ILLUMINA,HiSeq 4000
257,SE113,T242SEPIRCC,Pirambu,PIR,Sergipe,SE,Brazil,BR,Pirambu,nesting,,,-10.740856,-36.859125,nesting,adult,F,cc,,,,,,,,,2006-02-02T00:00:00-03:00,Good2,arantes_unpublished,UERJ,3RAD,K00302.86.H2CTHBBXX.8,ILLUMINA,HiSeq 4000
258,SE119,T243SEPIRAD,Pirambu,PIR,Sergipe,SE,Brazil,BR,Pirambu,nesting,,,-10.740856,-36.859125,nesting,adult,F,admixed,,,,,,,,,2006-03-08T00:00:00-03:00,Good1,arantes_unpublished,"UERJ, lo behaviour, cc x lo morphology",3RAD,K00302.86.H2CTHBBXX.8,ILLUMINA,HiSeq 4000
259,SE121,T244SEPIRAD,Pirambu,PIR,Sergipe,SE,Brazil,BR,Pirambu,nesting,,,-10.740856,-36.859125,nesting,adult,F,admixed,,,,,,,,,2006-01-05T00:00:00-03:00,Good1,arantes_unpublished,UERJ,3RAD,K00302.86.H2CTHBBXX.8,ILLUMINA,HiSeq 4000
260,SE871,T245SEABACC,Abaís,ABA,Sergipe,SE,Brazil,BR,Abaís,nesting,,,-11.27510937,-37.24983868,nesting,adult,F,cc,,,,,,1.01,0.93,,2009-12-08T01:09:00-03:00,Bad2,arantes_unpublished,UFES,3RAD,K00302.86.H2CTHBBXX.8,ILLUMINA,HiSeq 4000
261,SE871,T245SEABACC,Abaís,ABA,Sergipe,SE,Brazil,BR,Abaís,nesting,,,-11.27510937,-37.24983868,nesting,adult,F,cc,,,,,,1.01,0.93,,2009-12-08T01:09:00-03:00,Bad3,arantes_unpublished,UFES,3RAD,K00302.86.H2CTHBBXX.8,ILLUMINA,HiSeq 4000
262,SE950,T246SEPIRCC,Pirambu,PIR,Sergipe,SE,Brazil,BR,Pirambu,nesting,,,-10.740856,-36.859125,nesting,adult,F,cc,,,,,,0.9,0.85,,2007-12-15T15:47:00-03:00,Bad1,arantes_unpublished,UFES,3RAD,K00302.86.H2CTHBBXX.8,ILLUMINA,HiSeq 4000
263,SE1003,T247SEABACC,Abaís,ABA,Sergipe,SE,Brazil,BR,Abaís,nesting,,,-11.27510937,-37.24983868,nesting,adult,F,cc,cc,cc,pure,cc,arantes_2020b,0.96,0.87,,2009-12-17T01:44:00-03:00,Bad2,arantes_2020b,UFES,3RAD,K00302.86.H2CTHBBXX.8,ILLUMINA,HiSeq 4000
264,SE1047,T248SEABACC,Abaís,ABA,Sergipe,SE,Brazil,BR,Abaís,nesting,,,-11.27510937,-37.24983868,nesting,adult,F,cc,,,,,,0.98,0.98,,2009-12-20T23:03:00-03:00,Bad2,arantes_unpublished,UFES,3RAD,K00302.86.H2CTHBBXX.8,ILLUMINA,HiSeq 4000
265,SE1106,T249SEABACC,Abaís,ABA,Sergipe,SE,Brazil,BR,Abaís,nesting,,,-11.27510937,-37.24983868,nesting,adult,F,cc,,,,,,0.955,0.87,,2009-12-23T23:13:00-03:00,Bad2,arantes_unpublished,UFES,3RAD,K00302.86.H2CTHBBXX.8,ILLUMINA,HiSeq 4000
266,SE1106,T249SEABACC,Abaís,ABA,Sergipe,SE,Brazil,BR,Abaís,nesting,,,-11.27510937,-37.24983868,nesting,adult,F,cc,,,,,,0.955,0.87,,2009-12-23T23:13:00-03:00,Bad3,arantes_unpublished,UFES,3RAD,K00302.86.H2CTHBBXX.8,ILLUMINA,HiSeq 4000
267,SE1739,T250BAABPCC,Arembepe,ABP,Bahia,BA,Brazil,BR,Busca Vida,nesting,,,-12.76264494,-38.1682294,nesting,adult,F,cc,,,,,,1.02,0.94,,2007-02-01T23:00:00-03:00,Bad2,arantes_unpublished,UFES,3RAD,K00302.86.H2CTHBBXX.8,ILLUMINA,HiSeq 4000
268,SE1739,T250BAABPCC,Arembepe,ABP,Bahia,BA,Brazil,BR,Busca Vida,nesting,,,-12.76264494,-38.1682294,nesting,adult,F,cc,,,,,,1.02,0.94,,2007-02-01T23:00:00-03:00,Bad3,arantes_unpublished,UFES,3RAD,K00302.86.H2CTHBBXX.8,ILLUMINA,HiSeq 4000
269,SE2194,T251SEPDMAD,Ponta dos Mangues,PDM,Sergipe,SE,Brazil,BR,Ponta dos Mangues,nesting,,,-10.55809134,-36.56990584,nesting,adult,F,admixed,,,,,,0.89,0.86,,2011-02-22T22:50:00-03:00,Bad2,arantes_unpublished,UFES,3RAD,K00302.86.H2CTHBBXX.8,ILLUMINA,HiSeq 4000
270,SE2194,T251SEPDMAD,Ponta dos Mangues,PDM,Sergipe,SE,Brazil,BR,Ponta dos Mangues,nesting,,,-10.55809134,-36.56990584,nesting,adult,F,admixed,,,,,,0.89,0.86,,2011-02-22T22:50:00-03:00,Bad3,arantes_unpublished,UFES,3RAD,K00302.86.H2CTHBBXX.8,ILLUMINA,HiSeq 4000
271,SE2264,T252SEPDMCC,Ponta dos Mangues,PDM,Sergipe,SE,Brazil,BR,Ponta dos Mangues,nesting,,,-10.55809134,-36.56990584,nesting,adult,F,cc,,,,,,1.07,0.905,,2011-02-26T01:10:00-03:00,Bad2,arantes_unpublished,UFES,3RAD,K00302.86.H2CTHBBXX.8,ILLUMINA,HiSeq 4000
272,SE2278,T253SEPIRCC,Pirambu,PIR,Sergipe,SE,Brazil,BR,Pirambu,nesting,,,-10.740856,-36.859125,nesting,adult,F,cc,,,,,,,0.94,,2011-02-24T20:37:00-03:00,Bad2,arantes_unpublished,UFES,3RAD,K00302.86.H2CTHBBXX.8,ILLUMINA,HiSeq 4000
273,SE2384,T254SEPIRCC,Pirambu,PIR,Sergipe,SE,Brazil,BR,Pirambu,nesting,,,-10.740856,-36.859125,nesting,adult,F,cc,,,,,,1.08,0.96,,2011-03-09T21:24:00-03:00,Bad2,arantes_unpublished,UFES,3RAD,K00302.86.H2CTHBBXX.8,ILLUMINA,HiSeq 4000