#IID1,IID2,NSNP,HETHET,IBS0,KINSHIP
T092BASANEI,T091BAABPEI,161237,0.0954185,0.00133964,0.421569
T093BAPDFEI,T091BAABPEI,159000,0.0850503,0.00198113,0.367573
T093BAPDFEI,T092BASANEI,154085,0.0834929,0.00229094,0.36412
T124BAPDFNA,T122BAPDFNA,159619,0.0486346,0.00333294,0.254989
T134GFCAYLO,T130GFCAYLO,164530,0.0168905,5.53091e-4,0.285782
T134GFCAYLO,T132GFCAYLO,165516,0.0143491,5.31671e-4,0.253354
T136BAPDFEI,T091BAABPEI,178090,0.0877758,0.0012241,0.375433
T136BAPDFEI,T092BASANEI,170661,0.0849403,0.00126567,0.366147
T136BAPDFEI,T093BAPDFEI,167576,0.0904008,7.33995e-4,0.39769
T136BAPDFEI,T122BAPDFNA,170575,0.0658772,0.00250916,0.265751
T136BAPDFEI,T124BAPDFNA,164539,0.0653644,0.00259513,0.262798
T137BAPDFEI,T136BAPDFEI,190481,0.0623947,0.00156446,0.253703
T150BAPDFEI,T091BAABPEI,165434,0.0868866,0.00207938,0.374051
T150BAPDFEI,T092BASANEI,159438,0.0845031,0.00205095,0.367933
T150BAPDFEI,T093BAPDFEI,156926,0.0848425,0.00191173,0.37003
T150BAPDFEI,T136BAPDFEI,175455,0.0867573,0.0010544,0.372379
T151BAPDFEI,T091BAABPEI,165886,0.0853297,0.00196521,0.370648
T151BAPDFEI,T092BASANEI,159429,0.0833286,0.00212634,0.365006
T151BAPDFEI,T093BAPDFEI,157213,0.0839244,0.00188916,0.368982
T151BAPDFEI,T136BAPDFEI,176366,0.0856911,9.92255e-4,0.371665
T151BAPDFEI,T150BAPDFEI,164103,0.0843677,0.00198046,0.369617
T152BAPDFEI,T091BAABPEI,157416,0.0813704,0.00162626,0.357217
T152BAPDFEI,T092BASANEI,150349,0.0784175,0.00189559,0.346502
T152BAPDFEI,T093BAPDFEI,147317,0.0781648,0.00179884,0.346276
T152BAPDFEI,T122BAPDFNA,165103,0.0659891,0.00324646,0.271018
T152BAPDFEI,T124BAPDFNA,161407,0.0651025,0.00310395,0.265733
T152BAPDFEI,T136BAPDFEI,172118,0.0948012,0.00119104,0.407432
T152BAPDFEI,T150BAPDFEI,155004,0.0805076,0.0017677,0.352902
T152BAPDFEI,T151BAPDFEI,155786,0.0792626,0.00176524,0.350224
T155BAABPEI,T091BAABPEI,174711,0.0830858,0.00135653,0.364786
T155BAABPEI,T092BASANEI,167344,0.0805945,0.0016493,0.35407
T155BAABPEI,T093BAPDFEI,164206,0.0797961,0.00178434,0.350519
T155BAABPEI,T122BAPDFNA,168092,0.06478,0.00346834,0.256853
T155BAABPEI,T124BAPDFNA,162663,0.0643478,0.00333204,0.254871
T155BAABPEI,T136BAPDFEI,189742,0.0960251,9.59197e-4,0.412007
T155BAABPEI,T150BAPDFEI,172096,0.081716,0.0015747,0.355945
T155BAABPEI,T151BAPDFEI,173032,0.0811873,0.00176846,0.355239
T155BAABPEI,T152BAPDFEI,169180,0.0922509,0.00143634,0.400646
T156BAABPEI,T091BAABPEI,177469,0.0869786,0.00122275,0.371104
T156BAABPEI,T092BASANEI,170061,0.0845226,0.00139362,0.36257
T156BAABPEI,T093BAPDFEI,167046,0.083929,0.00114938,0.362616
T156BAABPEI,T122BAPDFNA,170017,0.0657758,0.00277031,0.261143
T156BAABPEI,T124BAPDFNA,163996,0.0651113,0.00243299,0.261404
T156BAABPEI,T136BAPDFEI,192499,0.099881,7.8442e-4,0.423793
T156BAABPEI,T150BAPDFEI,174851,0.0859932,0.00117815,0.3681
T156BAABPEI,T151BAPDFEI,175791,0.0853969,0.00117185,0.368113
T156BAABPEI,T152BAPDFEI,171555,0.0944129,0.00113666,0.405647
T156BAABPEI,T155BAABPEI,189235,0.0958121,0.00117843,0.40854
T157BAABPEI,T091BAABPEI,172364,0.0822388,0.00132278,0.361977
T157BAABPEI,T092BASANEI,165043,0.0794944,0.00139358,0.352895
T157BAABPEI,T093BAPDFEI,161855,0.0785085,0.00150752,0.348039
T157BAABPEI,T122BAPDFNA,166228,0.0635934,0.00324855,0.253982
T157BAABPEI,T124BAPDFNA,161204,0.0640555,0.00361654,0.252035
T157BAABPEI,T136BAPDFEI,187398,0.0955453,8.85815e-4,0.41088
T157BAABPEI,T150BAPDFEI,169752,0.0808297,0.00148452,0.353657
T157BAABPEI,T151BAPDFEI,170665,0.0803387,0.00160548,0.353906
T157BAABPEI,T152BAPDFEI,167169,0.0911772,0.0013938,0.397749
T157BAABPEI,T155BAABPEI,185528,0.09356,0.00133134,0.405043
T157BAABPEI,T156BAABPEI,186855,0.0953253,8.88389e-4,0.408375
T160BAABPEI,T091BAABPEI,152510,0.0773261,0.0017966,0.344979
T160BAABPEI,T092BASANEI,145675,0.0748447,0.0023271,0.33222
T160BAABPEI,T093BAPDFEI,142443,0.0747738,0.0018955,0.337056
T160BAABPEI,T122BAPDFNA,161113,0.0645572,0.00315307,0.270672
T160BAABPEI,T124BAPDFNA,158564,0.0641381,0.00315961,0.266699
T160BAABPEI,T136BAPDFEI,167195,0.0918389,0.00120817,0.397375
T160BAABPEI,T150BAPDFEI,150079,0.077146,0.00195231,0.342629
T160BAABPEI,T151BAPDFEI,150844,0.0757339,0.00192915,0.339479
T160BAABPEI,T152BAPDFEI,163725,0.0919713,0.00157581,0.401972
T160BAABPEI,T155BAABPEI,165488,0.0908706,0.0015409,0.394662
T160BAABPEI,T156BAABPEI,166684,0.0920004,0.00118788,0.396734
T160BAABPEI,T157BAABPEI,164172,0.0905087,0.00143752,0.39531
T161BAABPEI,T091BAABPEI,177422,0.0868325,0.00138089,0.372007
T161BAABPEI,T092BASANEI,170032,0.0840312,0.00141738,0.363209
T161BAABPEI,T093BAPDFEI,166932,0.0833094,0.00135384,0.361049
T161BAABPEI,T122BAPDFNA,169963,0.0649318,0.00280061,0.259789
T161BAABPEI,T124BAPDFNA,164073,0.064581,0.00276706,0.257941
T161BAABPEI,T136BAPDFEI,192420,0.0993556,8.67893e-4,0.422266
T161BAABPEI,T150BAPDFEI,174764,0.0856698,0.00135039,0.368018
T161BAABPEI,T151BAPDFEI,175717,0.084528,0.00135445,0.365483
T161BAABPEI,T152BAPDFEI,171516,0.0938805,0.00127102,0.404339
T161BAABPEI,T155BAABPEI,189123,0.094695,0.00114211,0.406311
T161BAABPEI,T156BAABPEI,191904,0.0988359,0.00105261,0.418178
T161BAABPEI,T157BAABPEI,186838,0.0943973,0.00104368,0.40604
T161BAABPEI,T160BAABPEI,166635,0.0907072,0.00136826,0.392422
T166SEPIREI,T091BAABPEI,178008,0.0885353,0.0010786,0.375466
T166SEPIREI,T092BASANEI,170580,0.0859538,0.00102005,0.368038
T166SEPIREI,T093BAPDFEI,167493,0.0857767,0.00112243,0.367024
T166SEPIREI,T122BAPDFNA,170491,0.0671472,0.00217607,0.270125
T166SEPIREI,T124BAPDFNA,164467,0.0663173,0.00210377,0.26713
T166SEPIREI,T136BAPDFEI,193045,0.10222,8.18462e-4,0.428713
T166SEPIREI,T150BAPDFEI,175371,0.0876884,0.0010378,0.371931
T166SEPIREI,T151BAPDFEI,176283,0.0870475,0.0010381,0.372433
T166SEPIREI,T152BAPDFEI,172058,0.095584,0.0011624,0.405649
T166SEPIREI,T155BAABPEI,189691,0.09739,9.4364e-4,0.413152
T166SEPIREI,T156BAABPEI,192424,0.100996,8.15907e-4,0.42333
T166SEPIREI,T157BAABPEI,187373,0.0967162,8.48575e-4,0.411199
T166SEPIREI,T160BAABPEI,167124,0.0933798,0.00105311,0.400084
T166SEPIREI,T161BAABPEI,192338,0.100219,8.99458e-4,0.420913
T168SEPIREI,T091BAABPEI,177978,0.0885952,9.94505e-4,0.377523
T168SEPIREI,T092BASANEI,170585,0.0856992,0.00114899,0.367079
T168SEPIREI,T093BAPDFEI,167462,0.0853507,0.00105696,0.367271
T168SEPIREI,T122BAPDFNA,170491,0.0664082,0.00226991,0.266563
T168SEPIREI,T124BAPDFNA,164432,0.0657658,0.00249951,0.260267
T168SEPIREI,T136BAPDFEI,193040,0.101627,7.20058e-4,0.428481
T168SEPIREI,T150BAPDFEI,175361,0.0877333,9.92239e-4,0.37403
T168SEPIREI,T151BAPDFEI,176256,0.0866297,0.00115173,0.371373
T168SEPIREI,T152BAPDFEI,172033,0.0953131,0.00109863,0.406402
T168SEPIREI,T155BAABPEI,189635,0.0970971,8.80639e-4,0.413985
T168SEPIREI,T156BAABPEI,192437,0.100729,7.79476e-4,0.423987
T168SEPIREI,T157BAABPEI,187276,0.0960401,7.52899e-4,0.410532
T168SEPIREI,T160BAABPEI,167102,0.0924645,0.00114301,0.396128
T168SEPIREI,T161BAABPEI,192318,0.0996475,7.64359e-4,0.421034
T168SEPIREI,T166SEPIREI,192933,0.102668,7.04908e-4,0.429234
T169SEPIREI,T091BAABPEI,170223,0.0828678,0.00134529,0.363135
T169SEPIREI,T092BASANEI,162862,0.0803564,0.00161486,0.353473
T169SEPIREI,T093BAPDFEI,159867,0.0796537,0.00153878,0.351576
T169SEPIREI,T122BAPDFNA,169203,0.0665414,0.00275409,0.271341
T169SEPIREI,T124BAPDFNA,163551,0.0654719,0.00267806,0.264725
T169SEPIREI,T136BAPDFEI,185211,0.0962146,0.00100966,0.411726
T169SEPIREI,T150BAPDFEI,167689,0.0820746,0.0013477299999999999,0.35970800000000003
T169SEPIREI,T151BAPDFEI,168583,0.0811232,0.00164311,0.356452
T169SEPIREI,T152BAPDFEI,171246,0.0958621,0.00145989,0.411783
T169SEPIREI,T155BAABPEI,181982,0.0918607,0.00131332,0.398837
T169SEPIREI,T156BAABPEI,184625,0.095675,0.00102911,0.409157
T169SEPIREI,T157BAABPEI,179764,0.091342,0.00129058,0.397235
T169SEPIREI,T160BAABPEI,166060,0.0928821,0.00139709,0.40172
T169SEPIREI,T161BAABPEI,184580,0.0946744,0.00114314,0.406415
T169SEPIREI,T166SEPIREI,185120,0.0974881,9.34529e-4,0.413015
T169SEPIREI,T168SEPIREI,185124,0.0972483,9.72321e-4,0.413007
T175BACDSEI,T091BAABPEI,177197,0.0861866,0.00129235,0.370222
T175BACDSEI,T092BASANEI,169749,0.0835292,0.00139029,0.360751
T175BACDSEI,T093BAPDFEI,166689,0.0834968,0.00137982,0.361556
T175BACDSEI,T122BAPDFNA,170035,0.0659041,0.00279942,0.261742
T175BACDSEI,T124BAPDFNA,164109,0.0650543,0.00255927,0.259418
T175BACDSEI,T136BAPDFEI,192207,0.0991483,8.63652e-4,0.421183
T175BACDSEI,T150BAPDFEI,174585,0.0853682,0.00138042,0.36579
T175BACDSEI,T151BAPDFEI,175460,0.0844694,0.00133364,0.365724
T175BACDSEI,T152BAPDFEI,171677,0.0945496,0.00125818,0.404484
T175BACDSEI,T155BAABPEI,188869,0.094637,0.00118071,0.405537
T175BACDSEI,T156BAABPEI,191700,0.0984298,0.00106938,0.415923
T175BACDSEI,T157BAABPEI,186502,0.0938381,9.59775e-4,0.403994
T175BACDSEI,T160BAABPEI,166686,0.0920893,0.00119986,0.39719
T175BACDSEI,T161BAABPEI,191586,0.0975959,9.81283e-4,0.415252
T175BACDSEI,T166SEPIREI,192158,0.100209,9.10709e-4,0.42042
T175BACDSEI,T168SEPIREI,192133,0.0997642,7.39071e-4,0.42152
T175BACDSEI,T169SEPIREI,184588,0.0958676,0.00117017,0.409217
T176BAABPEI,T159BAABPEI,163501,0.0821646,0.00191436,0.314092
T177BAABPEI,T091BAABPEI,165761,0.0716574,0.00457285,0.291747
T177BAABPEI,T092BASANEI,159526,0.0700137,0.00446949,0.290662
T177BAABPEI,T093BAPDFEI,156558,0.0706192,0.00453506,0.29477
T177BAABPEI,T136BAPDFEI,178284,0.0773036,0.00195194,0.332243
T177BAABPEI,T150BAPDFEI,163020,0.0710772,0.00433076,0.29389
T177BAABPEI,T151BAPDFEI,163872,0.0701584,0.00426552,0.293946
T177BAABPEI,T152BAPDFEI,158591,0.0730685,0.00260418,0.318887
T177BAABPEI,T155BAABPEI,175344,0.0743111,0.00246943,0.321733
T177BAABPEI,T156BAABPEI,177838,0.0839078,0.00118085,0.375678
T177BAABPEI,T157BAABPEI,173431,0.0734586,0.00245631,0.317986
T177BAABPEI,T160BAABPEI,154424,0.0711159,0.00260322,0.315299
T177BAABPEI,T161BAABPEI,177691,0.0764417,0.00200348,0.329866
T177BAABPEI,T166SEPIREI,178210,0.0779249,0.00168902,0.332532
T177BAABPEI,T168SEPIREI,178183,0.0779087,0.00178468,0.333272
T177BAABPEI,T169SEPIREI,170909,0.0744665,0.00234628,0.324397
T177BAABPEI,T175BACDSEI,177553,0.0765856,0.00214021,0.328267
T178BAABPEI,T091BAABPEI,173869,0.0904359,0.00174844,0.382966
T178BAABPEI,T092BASANEI,166829,0.0879463,0.00160644,0.374077
T178BAABPEI,T093BAPDFEI,164192,0.0877692,0.00154088,0.374105
T178BAABPEI,T136BAPDFEI,186825,0.0925144,0.00108123,0.392442
T178BAABPEI,T150BAPDFEI,171086,0.0897677,0.00158984,0.380438
T178BAABPEI,T151BAPDFEI,172239,0.0877676,0.00169532,0.374952
T178BAABPEI,T152BAPDFEI,165898,0.0857635,0.00146476,0.370181
T178BAABPEI,T155BAABPEI,183447,0.0877583,0.00143366,0.376352
T178BAABPEI,T156BAABPEI,186187,0.0916176,0.00120309,0.387314
T178BAABPEI,T157BAABPEI,181101,0.0868134,0.00150192,0.372174
T178BAABPEI,T160BAABPEI,160949,0.0831133,0.0016713399999999999,0.359636
T178BAABPEI,T161BAABPEI,186139,0.0966375,7.30637e-4,0.415589
T178BAABPEI,T166SEPIREI,186739,0.093462,9.63912e-4,0.392724
T178BAABPEI,T168SEPIREI,186720,0.0932787,0.00111932,0.391916
T178BAABPEI,T169SEPIREI,178928,0.0877504,0.00138044,0.376469
T178BAABPEI,T175BACDSEI,185916,0.0907453,0.00122098,0.385589
T178BAABPEI,T177BAABPEI,172803,0.0740612,0.00353582,0.302198
T180BAABPEI,T091BAABPEI,172468,0.089808,0.00151912,0.382661
T180BAABPEI,T092BASANEI,165603,0.0877943,0.00163644,0.374334
T180BAABPEI,T093BAPDFEI,163224,0.0876464,0.00155614,0.374581
T180BAABPEI,T136BAPDFEI,185131,0.0917999,8.58851e-4,0.391545
T180BAABPEI,T150BAPDFEI,170261,0.0895155,0.00170914,0.379236
T180BAABPEI,T151BAPDFEI,170995,0.0877102,0.00166087,0.376088
T180BAABPEI,T152BAPDFEI,164204,0.0851015,0.00147378,0.368519
T180BAABPEI,T155BAABPEI,181775,0.0872122,0.00136983,0.375642
T180BAABPEI,T156BAABPEI,184493,0.0910766,9.21444e-4,0.387933
T180BAABPEI,T157BAABPEI,179403,0.085896,0.00112596,0.371975
T180BAABPEI,T160BAABPEI,159318,0.0821376,0.00155036,0.357321
T180BAABPEI,T161BAABPEI,184439,0.0906207,0.00110606,0.386528
T180BAABPEI,T166SEPIREI,185045,0.0930368,9.241e-4,0.391375
T180BAABPEI,T168SEPIREI,185019,0.0928607,0.00103773,0.391373
T180BAABPEI,T169SEPIREI,177243,0.0870161,0.00131458,0.374949
T180BAABPEI,T175BACDSEI,184242,0.0900826,0.00110724,0.384109
T180BAABPEI,T177BAABPEI,171563,0.0737338,0.00347977,0.301725
T180BAABPEI,T178BAABPEI,180683,0.0938771,0.00149433,0.396225
T182BAABPEI,T091BAABPEI,176532,0.0853726,0.00142184,0.36651
T182BAABPEI,T092BASANEI,169114,0.0826188,0.00149603,0.357343
T182BAABPEI,T093BAPDFEI,166025,0.082331,0.00137931,0.357585
T182BAABPEI,T122BAPDFNA,169319,0.0646885,0.00269314,0.259712
T182BAABPEI,T124BAPDFNA,163494,0.0643755,0.00283191,0.255855
T182BAABPEI,T136BAPDFEI,191538,0.09773,9.55424e-4,0.415183
T182BAABPEI,T150BAPDFEI,173892,0.0841269,0.0012479,0.363219
T182BAABPEI,T151BAPDFEI,174887,0.0835053,0.00145237,0.360703
T182BAABPEI,T152BAPDFEI,170874,0.0933612,0.00150403,0.399926
T182BAABPEI,T155BAABPEI,188372,0.0944089,0.00121037,0.40512
T182BAABPEI,T156BAABPEI,191013,0.097585,0.00116746,0.412233
T182BAABPEI,T157BAABPEI,186277,0.093973,0.00143335,0.401018
T182BAABPEI,T160BAABPEI,166102,0.0909802,0.00145092,0.392016
T182BAABPEI,T161BAABPEI,191019,0.103377,7.22441e-4,0.443925
T182BAABPEI,T166SEPIREI,191504,0.0989744,9.08597e-4,0.415917
T182BAABPEI,T168SEPIREI,191452,0.0986984,8.51388e-4,0.416716
T182BAABPEI,T169SEPIREI,183783,0.093926,0.00113177,0.403765
T182BAABPEI,T175BACDSEI,190728,0.0965878,0.00103813,0.411084
T182BAABPEI,T177BAABPEI,176761,0.0756332,0.00233649,0.322986
T182BAABPEI,T178BAABPEI,185265,0.095447100000000007,8.36639e-4,0.410417
T182BAABPEI,T180BAABPEI,183562,0.0898062,0.00111134,0.383972
T183BAABPEI,T091BAABPEI,175320,0.0900981,0.00174538,0.379652
T183BAABPEI,T092BASANEI,168027,0.0875931,0.00162474,0.371579
T183BAABPEI,T093BAPDFEI,165267,0.0883237,0.00139774,0.37779
T183BAABPEI,T136BAPDFEI,189076,0.0943377,9.36132e-4,0.399869
T183BAABPEI,T150BAPDFEI,173139,0.0893791,0.00161142,0.377476
T183BAABPEI,T151BAPDFEI,173857,0.0880551,0.00178307,0.373552
T183BAABPEI,T152BAPDFEI,168140,0.0867551,0.0016177,0.370304
T183BAABPEI,T155BAABPEI,185687,0.0884822,0.0012548,0.378566
T183BAABPEI,T156BAABPEI,188473,0.092496,0.00120972,0.3895
T183BAABPEI,T157BAABPEI,183327,0.0877776,0.00140187,0.374234
T183BAABPEI,T160BAABPEI,163209,0.0837699,0.00168496,0.359825
T183BAABPEI,T161BAABPEI,188377,0.0921078,0.00112009,0.390974
T183BAABPEI,T166SEPIREI,188992,0.0943638,0.00103179,0.394315
T183BAABPEI,T168SEPIREI,188964,0.0936686,9.7373e-4,0.393395
T183BAABPEI,T169SEPIREI,181152,0.0885113,0.00119237,0.378764
T183BAABPEI,T175BACDSEI,188170,0.0921454,0.00108944,0.390965
T183BAABPEI,T177BAABPEI,174884,0.0739176,0.00341941,0.300201
T183BAABPEI,T178BAABPEI,183361,0.0936895,0.00118891,0.396434
T183BAABPEI,T180BAABPEI,181967,0.0935994,0.00140685,0.394136
T183BAABPEI,T182BAABPEI,187508,0.0906255,0.00114662,0.384966
T184BAABPEI,T091BAABPEI,174711,0.0946191,0.00121343,0.407914
T184BAABPEI,T092BASANEI,167921,0.09221,0.00135778,0.399832
T184BAABPEI,T093BAPDFEI,164618,0.0866612,0.00160979,0.371016
T184BAABPEI,T136BAPDFEI,188361,0.0927952,0.00103525,0.394913
T184BAABPEI,T150BAPDFEI,172098,0.0890946,0.00166184,0.37891
T184BAABPEI,T151BAPDFEI,173115,0.0869942,0.00124195,0.377384
T184BAABPEI,T152BAPDFEI,167486,0.0861565,0.00157625,0.372445
T184BAABPEI,T155BAABPEI,184972,0.0880295,0.00132452,0.380162
T184BAABPEI,T156BAABPEI,187768,0.0918367,0.0010758,0.390067
T184BAABPEI,T157BAABPEI,182613,0.0875677,0.00133616,0.378485
T184BAABPEI,T160BAABPEI,162528,0.0831734,0.0016551,0.361671
T184BAABPEI,T161BAABPEI,187707,0.0918399,0.00107082,0.392398
T184BAABPEI,T166SEPIREI,188279,0.0936801,9.98518e-4,0.394009
T184BAABPEI,T168SEPIREI,188251,0.0933275,0.00108366,0.393566
T184BAABPEI,T169SEPIREI,180440,0.0883507,0.00136333,0.38088
T184BAABPEI,T175BACDSEI,187442,0.0913669,0.00121638,0.388588
T184BAABPEI,T177BAABPEI,174209,0.0739916,0.00362783,0.303032
T184BAABPEI,T178BAABPEI,182918,0.0938399,0.00133393,0.399212
T184BAABPEI,T180BAABPEI,181644,0.0933364,0.00155249,0.395558
T184BAABPEI,T182BAABPEI,186815,0.0906405,0.00116693,0.387385
T184BAABPEI,T183BAABPEI,184816,0.0937202,0.00130941,0.396623
T225SPUBTCC,T120BAPDFNA,184435,0.0546642,0.00217421,0.260131
T231SEPIRCC,T120BAPDFNA,183851,0.0545822,0.0018874,0.266035
T231SEPIRCC,T225SPUBTCC,191626,0.0865645,0.00111676,0.432876
T232SEPIRAD,T120BAPDFNA,171356,0.0518453,0.00235766,0.257275
T232SEPIRAD,T225SPUBTCC,176655,0.0802015,0.00104724,0.409629
T232SEPIRAD,T231SEPIRCC,176126,0.0798576,0.00122639,0.407212
T237SEPIRCC,T120BAPDFNA,171344,0.0524792,0.0027722,0.260728
T237SEPIRCC,T225SPUBTCC,175930,0.0805434,0.00118229,0.411046
T237SEPIRCC,T231SEPIRCC,175506,0.0803505,0.00119654,0.410864
T237SEPIRCC,T232SEPIRAD,168681,0.0795288,0.00141095,0.412739
T243SEPIRAD,T120BAPDFNA,170315,0.0517277,0.00254822,0.259843
T243SEPIRAD,T225SPUBTCC,174534,0.0795375,0.00114591,0.407325
T243SEPIRAD,T231SEPIRCC,173959,0.0793003,0.00117844,0.40709
T243SEPIRAD,T232SEPIRAD,166849,0.0806837,0.00113276,0.423243
T243SEPIRAD,T237SEPIRCC,166917,0.0781826,0.00147379,0.409538
T244SEPIRAD,T120BAPDFNA,171696,0.0512417,0.00274322,0.253728
T244SEPIRAD,T225SPUBTCC,175606,0.0791032,0.00107058,0.405911
T244SEPIRAD,T231SEPIRCC,175192,0.0790219,0.00110736,0.406415
T244SEPIRAD,T232SEPIRAD,166443,0.0770113,0.00136984,0.401133
T244SEPIRAD,T237SEPIRCC,166706,0.0768599,0.00162562,0.401678
T244SEPIRAD,T243SEPIRAD,166002,0.0764449,0.00146986,0.401511
T251SEPDMAD,T225SPUBTCC,182683,0.074008,0.00144513,0.377527
T251SEPDMAD,T231SEPIRCC,182055,0.0740491,0.00141166,0.379757
T251SEPDMAD,T232SEPIRAD,167594,0.0670668,0.00176021,0.352135
T251SEPDMAD,T237SEPIRCC,167199,0.0678294,0.00191389,0.356666
T251SEPDMAD,T243SEPIRAD,165776,0.0665899,0.00193032,0.351638
T251SEPDMAD,T244SEPIRAD,167275,0.0671051,0.00170378,0.356697
