T000PEFDNCM,Cm
T001RNPIPEI,Ei
T003PEFDNCM,Cm
T004PEFDNCM,Cm
T007RNPIPEI,Ei
T008RNPIPEI,Ei
T010ESCMBCC,Cc
T014BAPDFCC,Cc
T018ESCMBCC,Cc
T021ESPOVCC,Cc
T022ESPOVCC,Cc
T023ESCMBCC,Cc
T025ESPOVCC,Cc
T027RNPIPEI,Ei
T029ESPOVCC,Cc
T031BASANCC,Cc
T035RNPIPEI,Ei
T036SEPIRLO,Lo
T040RNPIPEI,Ei
T046RNPIPEI,Ei
T047BAPDFCC,Cc
T048RNPIPEI,Ei
T049BASANCC,Cc
T050BASANCC,Cc
T052ESCMBCC,Cc
T055RNPIPEI,Ei
T062BASANEI,Ei
T063BASANCC,Cc
T068BASANEI,Ei
T072BAPDFCC,Cc
T078BAPDFCC,Cc
T081SEPIRLO,Lo
T082BAPDFCC,Cc
T083BAPDFCC,Cc
T086BAPDFCC,Cc
T089BAPDFCC,Cc
T095BAPDFCC,Cc
T097BAPDFEI,Ei
T102BAABRNA,Cc
T103BAABRNA,Cc
T104BAABRNA,Cc
T105BAABRNA,Cc
T106BAABRNA,Cc
T107BAABRNA,Cc
T111BAABRNA,Cc
T112BAABRNA,Cc
T114BAABRNA,Ei
T115BAABRNA,Ei
T116BAABRNA,Ei
T127GFCAYCM,Cm
T128GFCAYEI,Cm
T130GFCAYLO,Lo
T131GFCAYLO,Lo
T132GFCAYLO,Lo
T134GFCAYLO,Lo
T139RNADREI,Ei
T140RNADREI,Ei
T142RNADREI,Ei
T143RNADREI,Ei
T144RNADREI,Ei
T145RNADREI,Ei
T146RNADREI,Ei
T147RNADREI,Ei
T149BAPDFEI,Ei
T153RNADREI,Ei
T154RNADREI,Ei
T163PEFDNEI,Ei
T164PEFDNEI,Ei
T165PEFDNEI,Ei
T167SEPIREI,Ei
T170RNNATEI,Ei
T172RJCMPEI,Ei
T174BAABPEI,Ei
T187BAABPEI,Ei
T188RNADREI,Ei
T189RNADREI,Ei
T191RNADREI,Ei
T197SAERGCC,Cc
T198SAERGCC,Cc
T199SAERGCC,Cc
T200SAERGCC,Cc
T201SAERGCC,Cc
T202SAERGCC,Cc
T203SAERGCC,Cc
T205SAERGCC,Cc
T206SAERGCC,Cc
T207SAERGCC,Cc
T208SAERGCC,Cc
T209SAERGCC,Cc
T210SAERGCC,Cc
T212SAERGCC,Cc
T213SAERGCC,Cc
T214SAERGCC,Cc
T215SAERGCC,Cc
T216SAERGCC,Cc
T218SAERGCC,Cm
T220SAERGCC,Cc
T221SAERGCC,Cc
T222MQLLRCM,Cm
T223SAERGCC,Cc
T224SAERGCC,Cc
T226RJBCMCC,Cc
T228SEPIRCC,Cc
T229SEPIRCC,Cc
T230SEPIRCC,Cc
T234RJBCMCC,Cc
T235RJBCMCC,Cc
T236SEPIRCC,Cc
T240SEPDMCC,Cc
T241SEPIRCC,Cc
T242SEPIRCC,Cc
T245SEABACC,Cc
T247SEABACC,Cc
T248SEABACC,Cc
T249SEABACC,Cc
T252SEPDMCC,Cc
T253SEPIRCC,Cc
T254SEPIRCC,Cc
SRR20648234,Dc
SRR20648235,Dc
